ltable_id,rtable_id,label,Step
581,17384,0,0
1502,3825,0,0
337,20538,0,0
53,13427,0,0
1560,3823,0,0
2019,18973,0,0
2422,1257,0,0
155,3446,1,0
261,5192,1,1
25,12,0,1
483,1149,0,1
376,9389,1,1
1564,12948,0,1
23,19216,0,1
417,17561,0,1
1241,18557,0,1
1424,11809,0,2
1532,14949,0,2
978,19689,0,2
576,18443,0,2
99,14509,0,2
1136,18198,0,2
753,8205,0,2
2251,14404,0,2
700,17837,0,3
284,2675,1,3
725,18405,0,3
2475,15249,0,3
1605,17203,0,3
887,4725,0,3
967,18152,0,3
1070,2487,0,3
1178,17561,0,4
2363,21870,0,4
1531,17126,0,4
462,6745,0,4
1979,12918,0,4
934,7701,0,4
2525,3683,0,4
1952,7748,0,4
561,19011,0,5
2253,1302,0,5
6,12999,0,5
1443,12276,0,5
2224,10744,0,5
2090,19908,0,5
2133,5374,0,5
978,2340,0,5
2115,21933,0,6
1513,5543,0,6
1363,11757,0,6
444,18601,0,6
2546,17381,0,6
2430,14687,0,6
2305,5249,0,6
1816,9056,0,6
1689,7512,0,7
673,15183,0,7
1192,6608,0,7
2433,17845,0,7
1069,15015,0,7
1761,6603,0,7
2210,16870,0,7
1454,6767,0,7
1205,8312,0,8
1792,10466,0,8
144,9986,0,8
1162,16958,0,8
852,20429,0,8
215,10599,0,8
693,18678,0,8
1963,1019,0,8
2549,18325,0,9
2487,19713,0,9
2472,8791,0,9
2018,20646,0,9
278,17506,0,9
2082,4739,0,9
2548,18724,0,9
896,10529,0,9
2089,683,0,10
65,1172,0,10
2088,17263,1,10
967,17837,0,10
16,15183,0,10
1454,5936,0,10
920,3246,1,10
742,12764,0,10
678,8962,1,11
497,16327,0,11
547,15266,0,11
1269,15877,0,11
8,10248,0,11
195,9264,0,11
967,18153,0,11
672,12918,0,11
1934,1584,0,12
81,20177,0,12
312,13298,0,12
2471,8786,0,12
2229,2872,0,12
1206,20035,0,12
1530,19350,0,12
1825,14124,0,12
2431,21935,0,13
67,114,0,13
1067,16597,0,13
2019,18077,0,13
1850,17841,0,13
1217,5249,1,13
41,2881,0,13
305,3320,0,13
2230,12949,1,14
2166,12194,0,14
25,14931,0,14
1699,16518,0,14
255,2964,0,14
2305,3099,0,14
1090,17550,0,14
1342,1338,0,14
1465,2872,0,15
2430,6743,0,15
719,6972,1,15
679,13325,0,15
582,8235,0,15
2504,6740,0,15
2220,20715,0,15
324,6458,0,15
2305,15216,0,16
528,15197,0,16
56,14402,0,16
2260,16460,0,16
2515,4424,1,16
1701,14065,0,16
1257,6750,0,16
2365,22058,0,16
576,12474,0,17
417,17837,0,17
2361,6750,0,17
2297,10745,0,17
378,16907,0,17
1535,18999,1,17
565,20075,0,17
2349,21423,0,17
708,13094,0,18
2517,8764,0,18
678,2999,0,18
975,11438,0,18
615,12450,0,18
678,20733,0,18
1863,2842,0,18
2020,806,0,18
889,10725,0,19
1688,16431,0,19
1298,19922,0,19
697,17562,0,19
2149,10786,0,19
1242,3140,0,19
722,12494,0,19
2055,21962,0,19
218,1089,0,20
1809,20067,0,20
1435,20813,0,20
818,6917,0,20
2332,9734,0,20
1570,14952,0,20
1405,6997,0,20
1511,4526,0,20
1607,13172,1,21
737,2262,0,21
1246,10334,0,21
2349,8252,0,21
208,12738,0,21
1432,15919,0,21
1506,17571,0,21
2436,6692,0,21
2116,12600,0,22
2430,17837,0,22
794,6139,0,22
280,16910,0,22
565,651,0,22
2216,5771,0,22
2253,11265,1,22
932,20657,0,22
65,13852,0,23
219,12693,0,23
397,4862,0,23
2461,7244,0,23
2230,12450,0,23
2237,20493,0,23
248,1688,0,23
29,6033,0,23
739,11687,1,24
896,4855,0,24
1342,21065,0,24
1349,4659,1,24
753,1595,0,24
382,18644,0,24
1016,20224,0,24
2484,5383,0,24
2305,4469,0,25
2424,15449,0,25
1169,9327,0,25
1796,6590,0,25
2160,9858,1,25
918,6137,0,25
2116,12589,0,25
878,998,0,25
1850,4883,0,26
2323,16958,0,26
2091,11566,0,26
621,698,0,26
137,19728,0,26
2471,21811,0,26
1060,13427,0,26
1191,9441,0,26
2457,17144,0,27
2305,21369,0,27
2069,2622,0,27
2297,11014,0,27
671,16444,0,27
1145,10786,0,27
1296,13427,0,27
2283,1733,0,27
509,5740,0,28
1382,8605,0,28
2293,10546,0,28
456,10915,0,28
1657,16332,1,28
2405,12,0,28
618,19655,0,28
2508,11582,1,28
81,16605,0,29
2351,20785,0,29
2193,9730,1,29
1531,3072,0,29
944,21757,0,29
1296,14687,0,29
747,13170,0,29
337,19585,0,29
1699,18399,0,30
2201,7699,0,30
790,1904,0,30
399,19744,0,30
320,8795,0,30
348,1189,0,30
1271,13293,0,30
25,6983,0,30
1511,4520,0,31
1316,5930,0,31
149,8939,0,31
1712,18007,0,31
1502,14348,0,31
315,7699,0,31
1367,5637,0,31
1984,9928,0,31
32,2820,0,32
2424,3505,0,32
1211,242,0,32
56,8868,0,32
1284,1338,0,32
2101,3885,0,32
2305,3276,0,32
2472,806,0,32
1408,20253,0,33
1536,14015,0,33
625,17837,0,33
1120,17504,0,33
1559,17636,0,33
1257,19011,0,33
162,18349,0,33
1959,4728,0,33
2126,21494,0,34
2405,20448,0,34
525,14462,0,34
398,16514,1,34
2389,17892,0,34
399,2708,0,34
2510,11287,0,34
1605,21693,0,34
2394,13252,0,35
1704,16231,1,35
732,17636,0,35
1959,801,0,35
572,4643,0,35
1260,19809,0,35
2389,2818,0,35
2389,805,0,35
2297,4739,0,36
1719,7246,0,36
672,14822,0,36
755,11851,0,36
2541,14698,0,36
215,20664,0,36
820,7079,0,36
99,14506,0,36
305,14227,0,37
595,14869,1,37
131,1150,0,37
428,5118,0,37
2237,7482,0,37
2119,683,0,37
95,8669,0,37
1103,14719,0,37
705,12896,0,38
988,18787,0,38
1007,19065,0,38
2341,9089,0,38
1877,2927,1,38
2264,14656,0,38
889,19565,0,38
1934,1585,0,38
1121,11696,0,39
821,10528,0,39
239,12651,0,39
1631,7141,0,39
1868,4494,1,39
740,5293,0,39
2082,11014,0,39
2107,4292,0,39
244,9288,0,40
1927,2949,0,40
700,18443,0,40
742,2793,0,40
1246,3682,0,40
1508,18647,0,40
883,10986,0,40
1373,6808,0,40
934,13148,1,41
1241,20224,0,41
1413,8763,0,41
2018,19344,0,41
1125,8267,1,41
2439,10806,0,41
2546,17184,0,41
1888,10727,0,41
1418,335,0,42
626,6743,0,42
1316,9990,0,42
2128,17144,0,42
1888,4711,0,42
1169,9325,0,42
2159,17899,1,42
1875,13348,0,42
1761,21432,0,43
828,6908,0,43
2293,635,0,43
1959,9734,0,43
1851,7385,0,43
702,11013,0,43
2332,14687,0,43
821,609,0,43
889,8763,0,44
853,7686,0,44
944,8245,0,44
123,9162,0,44
634,928,0,44
561,820,0,44
1247,7564,0,44
2349,2809,0,44
1927,3098,0,45
50,2013,0,45
693,17702,0,45
53,4728,0,45
557,13220,0,45
594,20843,1,45
1296,19283,0,45
1077,11884,1,45
2430,16333,0,46
1429,10077,0,46
1784,11403,1,46
175,6876,0,46
512,10588,0,46
2033,6562,0,46
219,2725,0,46
65,11130,0,46
1454,19570,0,47
967,14707,0,47
2242,16750,0,47
448,13174,0,47
195,21109,0,47
2305,10515,1,47
2139,101,1,47
2472,805,0,47
1502,2613,0,48
1067,9064,0,48
500,587,0,48
1932,9095,1,48
1103,15763,0,48
1425,10754,0,48
1701,3532,0,48
2260,21498,0,48
537,790,1,49
786,12785,0,49
101,622,0,49
2472,16608,0,49
514,14881,1,49
429,11241,0,49
186,1929,0,49
740,17812,0,49
1688,16699,0,50
1699,18048,0,50
1672,19690,0,50
678,6938,0,50
2481,15534,0,50
519,14264,0,50
1571,4739,0,50
102,7764,0,50
2394,4019,0,51
1630,4836,0,51
1879,8607,0,51
1931,14587,0,51
1066,12284,0,51
1802,15678,0,51
1067,4725,0,51
417,801,0,51
1438,7441,0,52
998,13256,0,52
2077,11226,0,52
1600,6444,0,52
1656,10728,0,52
305,5266,0,52
1154,7259,0,52
2000,4232,0,52
226,2943,0,53
99,6552,0,53
1560,19964,0,53
1354,18778,0,53
2422,7225,0,53
1251,3580,0,53
1316,13913,0,53
532,6032,0,53
1098,11745,0,54
2260,20247,0,54
1927,21952,0,54
2541,1306,0,54
64,2299,0,54
2349,14177,0,54
2332,18507,0,54
918,8099,0,54
1931,15249,0,55
13,7532,0,55
1809,16909,0,55
1893,13849,0,55
1530,16938,0,55
179,7721,0,55
1882,7904,0,55
896,14737,0,55
2538,21292,0,56
626,304,0,56
1091,10988,0,56
1809,17506,0,56
448,13173,1,56
864,5880,0,56
2418,7679,1,56
700,806,0,56
104,3583,0,57
1429,4048,0,57
2535,14177,0,57
284,14570,0,57
599,549,0,57
1016,18556,0,57
528,15198,0,57
751,3527,0,57
1296,18443,0,58
838,8687,0,58
458,15292,0,58
2263,14903,0,58
2462,8175,1,58
294,15485,0,58
79,13520,0,58
2341,15015,0,58
1720,20799,0,59
722,12496,0,59
618,6382,0,59
382,12586,0,59
469,18656,0,59
211,6270,0,59
2389,18443,0,59
1365,14487,0,59
2337,1384,0,60
2231,17839,1,60
467,18785,0,60
625,21693,0,60
101,2588,0,60
2349,206,0,60
266,6381,0,60
2517,14668,0,60
2322,8451,0,61
366,21964,0,61
339,7584,0,61
935,929,0,61
571,15299,0,61
429,7263,0,61
661,625,0,61
458,13307,0,61
244,6742,0,62
99,14511,0,62
700,286,0,62
1594,3901,0,62
2389,13427,0,62
195,6337,0,62
1295,510,0,62
792,12866,0,62
1284,5266,0,63
1564,12950,0,63
1776,15489,1,63
1525,8562,0,63
1342,9327,0,63
967,18443,0,63
1010,1096,0,63
2409,11714,1,63
2063,5068,0,64
65,3177,0,64
2220,12781,0,64
95,18732,0,64
2142,13934,1,64
757,12382,0,64
176,1284,0,64
1999,9557,0,64
856,17506,0,65
2405,13009,0,65
681,4619,0,65
280,17184,0,65
1688,18184,0,65
2391,11013,0,65
2504,18153,0,65
1440,12635,0,65
669,12490,1,66
1673,15262,0,66
531,8697,0,66
1796,20076,0,66
176,14736,0,66
1403,8024,0,66
466,17186,0,66
1269,7953,0,66
466,16597,0,67
2265,21530,0,67
1827,2581,0,67
15,4282,1,67
1282,4376,0,67
1850,16323,0,67
1681,21603,0,67
2430,805,0,67
2196,17366,1,68
559,20713,1,68
640,18863,0,68
1686,19624,0,68
2507,11049,0,68
904,18760,0,68
226,5311,0,68
1656,12766,0,68
1519,20211,0,69
1129,12649,0,69
1809,19780,0,69
742,2789,0,69
2149,873,0,69
2343,1609,0,69
1285,20080,0,69
2002,6980,0,69
399,713,1,70
29,15994,0,70
2082,6749,0,70
95,6983,0,70
1608,11490,0,70
636,20343,0,70
625,20429,0,70
2538,206,0,70
2472,6743,0,71
1348,3244,0,71
900,14328,0,71
1851,12453,0,71
1796,6587,0,71
1172,16647,0,71
1813,1607,1,71
1229,5842,1,71
1257,13427,0,72
1363,7758,0,72
50,16936,0,72
1545,21374,1,72
1283,12522,0,72
356,9141,0,72
2342,6559,0,72
1067,9063,0,72
925,2262,0,73
1661,2482,0,73
1977,13020,0,73
465,15263,0,73
1708,17400,0,73
1342,9323,0,73
944,2516,0,73
1536,7206,0,73
1151,18330,1,74
397,4859,0,74
2507,5038,1,74
2389,18200,0,74
2090,14587,0,74
2341,7893,1,74
2389,18507,0,74
1016,17238,0,74
199,7530,0,75
1426,6182,0,75
2412,121,0,75
856,16597,0,75
1699,17616,0,75
1927,854,0,75
1542,14055,0,75
2389,17837,0,75
1131,10180,0,76
22,232,0,76
2323,17390,0,76
1595,15389,0,76
305,1338,0,76
1631,3177,0,76
889,8764,0,76
1522,18457,0,76
1423,9727,1,77
123,818,0,77
22,16504,0,77
334,725,0,77
547,17256,0,77
2147,12293,0,77
1959,20429,0,77
805,6310,0,77
2507,16183,0,78
1608,3271,0,78
1508,636,0,78
576,18152,0,78
79,17237,0,78
661,9985,0,78
1001,8678,0,78
832,5272,0,78
2274,8262,0,79
1145,10785,0,79
1178,14680,0,79
1701,14272,0,79
1681,1331,0,79
1092,5776,0,79
967,20121,0,79
1646,13032,0,79
2164,13943,0,80
824,6477,0,80
1507,14635,0,80
1240,1303,0,80
2371,20993,0,80
2246,16773,0,80
1699,20801,0,80
2464,13686,0,80
660,10398,0,81
1258,14686,0,81
688,10791,0,81
1602,10608,1,81
201,5536,0,81
2548,1648,0,81
528,11226,0,81
753,14306,0,81
769,6362,1,82
978,18187,0,82
339,13561,0,82
417,14680,0,82
709,3126,0,82
1695,16901,0,82
1997,12451,1,82
1169,3320,0,82
803,4121,1,83
1583,11970,0,83
2430,286,0,83
1360,15776,0,83
2510,21469,0,83
278,20657,0,83
1229,14620,0,83
1809,9063,0,83
944,772,0,84
2018,5204,0,84
1487,888,0,84
2088,15396,0,84
299,4642,0,84
1454,10760,1,84
1987,8946,0,84
2229,14755,1,84
2220,10752,0,85
2030,20736,0,85
1910,11826,0,85
1136,17380,0,85
719,5771,0,85
2549,17704,0,85
1529,21793,0,85
102,15715,0,85
320,10822,0,86
2361,18200,0,86
53,20429,0,86
801,13029,1,86
688,20564,0,86
2379,264,1,86
2090,15249,0,86
1242,13108,0,86
1893,8667,0,87
2438,9876,0,87
2542,9161,0,87
2020,6740,0,87
1429,16040,0,87
218,5037,0,87
547,13271,0,87
362,18768,0,87
1987,16252,1,88
1927,11278,0,88
2149,10791,0,88
1029,16791,1,88
2192,3016,0,88
2481,6885,1,88
117,9322,0,88
2293,14509,0,88
2471,18153,0,89
2436,760,0,89
424,8534,1,89
509,7771,0,89
1037,12044,0,89
1701,19646,0,89
1611,14615,0,89
2260,189,0,89
1955,20238,0,90
1944,828,1,90
1932,3063,0,90
700,21811,0,90
547,17255,0,90
1673,1317,0,90
1296,21811,0,90
1252,11617,0,90
1534,1089,0,91
429,5217,0,91
1228,5477,0,91
187,19020,0,91
1413,8826,0,91
1872,6324,0,91
2019,17754,0,91
1080,14454,1,91
944,11968,0,92
688,10786,0,92
2249,7204,0,92
500,8565,0,92
814,17186,0,92
1242,8985,0,92
22,6954,0,92
1321,21461,0,92
53,2819,0,93
584,965,1,93
1564,8934,0,93
897,9515,0,93
1016,18303,0,93
275,20623,0,93
1426,760,0,93
2430,2819,0,93
99,635,0,94
29,8070,0,94
2389,14701,0,94
793,12098,0,94
934,8667,0,94
1405,20324,0,94
2361,6740,0,94
485,363,0,94
1641,15009,1,95
84,9610,0,95
626,18152,0,95
889,118,0,95
2397,10117,1,95
1197,20774,0,95
22,17882,0,95
1129,6601,0,95
1581,12464,0,96
1945,13413,0,96
324,556,0,96
1879,9985,0,96
1208,1607,0,96
2020,20121,0,96
1060,17837,0,96
1526,18186,0,96
2100,8944,0,97
65,3190,0,97
465,7305,0,97
1528,16323,0,97
462,4733,0,97
531,12693,0,97
1502,13388,0,97
2220,10751,0,97
1178,13427,0,98
92,11014,0,98
19,6992,0,98
1784,8486,0,98
2006,13921,1,98
576,21794,0,98
58,10144,0,98
172,7295,0,98
2538,6488,0,99
1129,10606,0,99
1853,7015,0,99
539,11542,1,99
1927,14737,0,99
717,20106,1,99
1178,6751,0,99
852,14680,0,99
224,12206,0,100
1563,430,1,100
760,1477,0,100
1211,20840,0,100
852,17203,0,100
166,20125,0,100
53,21693,0,100
700,6740,0,100
2020,16608,0,101
1000,8404,0,101
2424,12273,0,101
342,13307,0,101
759,2384,0,101
1997,2480,0,101
2392,7971,0,101
1656,2790,0,101
2430,20429,0,102
1882,2728,0,102
2305,14736,0,102
719,15884,0,102
618,12414,0,102
2429,6266,0,102
1741,2751,0,102
944,14176,0,102
1060,12781,0,103
465,4862,0,103
1689,19646,0,103
1631,15086,0,103
2501,4362,1,103
1546,14674,0,103
1661,18490,0,103
634,17108,0,103
1626,18458,0,104
1155,6941,0,104
1454,10763,0,104
1242,20737,0,104
1643,2779,1,104
1701,13499,0,104
1516,10829,0,104
125,2450,0,104
1833,20529,0,105
1983,10891,0,105
900,1003,0,105
1862,7472,0,105
2019,19861,0,105
1983,12943,0,105
677,17839,0,105
1760,16579,0,105
2517,10728,0,106
2340,1800,0,106
1067,17506,0,106
1882,12726,0,106
547,3302,0,106
709,1096,1,106
429,5216,0,106
2328,18170,0,106
1824,15224,0,107
2020,13427,0,107
2028,12891,1,107
6,13023,0,107
2293,6552,0,107
2404,18325,0,107
2440,6643,1,107
822,18443,0,107
2502,16032,1,108
480,8285,0,108
1561,6235,0,108
2472,304,0,108
821,2571,0,108
337,4883,0,108
327,20123,0,108
2395,2583,0,108
1201,18645,0,109
1193,5592,1,109
2344,6970,1,109
239,10617,1,109
1850,18452,0,109
719,1218,0,109
2225,10417,0,109
1069,15619,0,109
65,1166,0,110
1752,21545,0,110
466,16317,0,110
2504,16598,0,110
2402,17787,0,110
1016,17234,0,110
1344,21494,0,110
582,20640,0,110
725,18124,0,111
1536,16040,0,111
1711,13502,0,111
148,11828,0,111
530,18531,1,111
144,3931,0,111
2267,2527,1,111
1745,6423,0,111
2237,13291,0,112
614,10333,0,112
1547,13133,0,112
1695,20851,0,112
175,5431,0,112
889,799,0,112
2037,6457,0,112
1129,8643,0,112
213,7531,0,113
512,6200,0,113
95,1038,0,113
2094,13888,0,113
531,2724,0,113
1092,6153,0,113
2220,9734,0,113
912,21872,0,113
362,16307,1,114
1301,5233,0,114
1217,11278,0,114
547,5248,0,114
1978,11970,0,114
1850,17488,1,114
2274,21531,0,114
73,5936,0,114
2477,19527,0,115
822,20429,0,115
1951,21576,0,115
2430,18165,0,115
1178,18165,0,115
1534,11043,0,115
1467,6088,0,115
507,13910,0,115
1348,4576,0,116
238,203,0,116
584,8909,0,116
1784,3901,0,116
2121,4432,1,116
2517,10727,0,116
1827,12585,0,116
627,14701,0,116
1205,8315,0,117
724,13098,0,117
1292,18602,1,117
700,18465,0,117
397,2950,0,117
1217,20495,0,117
2220,19283,0,117
661,9986,0,117
417,18443,0,118
1070,7664,0,118
636,746,0,118
1525,589,0,118
1531,9028,0,118
1930,13378,0,118
1145,2871,0,118
2535,19569,0,118
131,3165,0,119
2394,13251,1,119
561,9734,0,119
2422,15180,0,119
2412,20963,0,119
2389,286,0,119
2037,8516,0,119
568,2035,0,119
2371,8969,0,120
1737,5039,0,120
346,8304,1,120
2340,7772,0,120
1132,18153,0,120
1091,7000,0,120
1605,13427,0,120
2017,17691,0,120
2362,17737,0,121
886,21933,0,121
2052,17577,0,121
65,15086,0,121
545,14089,0,121
1684,17291,0,121
665,9288,0,121
735,4867,0,121
793,6032,0,122
2144,2821,0,122
316,15373,0,122
466,18151,0,122
528,20191,0,122
144,12347,0,122
2220,18153,0,122
1711,16433,0,122
2424,15448,0,123
79,18556,0,123
2332,801,0,123
2079,13974,0,123
2422,11213,0,123
2085,16120,0,123
1578,12638,0,123
1531,16919,0,123
2546,16320,0,124
2443,17453,0,124
1833,3571,0,124
2546,9063,0,124
1932,4976,0,124
702,8780,0,124
1959,16333,0,124
615,12451,0,124
1451,4719,1,125
1815,17571,0,125
1672,9026,0,125
1073,552,0,125
2292,3060,0,125
855,12122,0,125
887,20067,0,125
1296,8786,0,125
1564,2981,0,126
22,18526,0,126
852,17561,0,126
107,2096,0,126
2328,3254,0,126
944,6192,0,126
2389,16608,0,126
1485,3353,0,126
725,18125,0,127
816,11998,1,127
556,21901,0,127
2405,6982,0,127
889,2793,0,127
991,12312,1,127
2080,18134,0,127
1547,4788,0,127
342,1337,0,128
2265,13417,0,128
2071,12820,0,128
1257,14687,0,128
1531,16547,0,128
737,4752,0,128
2504,19011,0,128
243,6153,0,128
1605,8786,0,129
625,805,0,129
315,13661,0,129
2476,14884,0,129
935,19579,0,129
871,12024,0,129
1102,966,0,129
458,6581,0,129
1141,5215,0,130
1479,14308,0,130
623,2832,0,130
1280,17949,1,130
294,20779,0,130
398,17563,0,130
1869,12573,0,130
625,806,0,130
1194,3151,0,131
253,5723,0,131
2020,21566,0,131
1334,3203,0,131
1695,20219,0,131
1429,14015,0,131
1752,18020,0,131
2101,149,0,131
1502,14005,0,132
117,15292,0,132
671,2300,0,132
2361,6743,0,132
1711,9543,0,132
787,14949,0,132
1958,16833,0,132
1010,13085,0,132
2216,1832,0,133
1296,17561,0,133
2166,15394,0,133
1528,21324,0,133
2163,4093,0,133
2332,18443,0,133
672,2948,0,133
887,4723,0,133
1893,698,0,134
1247,19627,0,134
2394,8992,0,134
428,6200,0,134
547,11276,0,134
912,21629,0,134
2408,6808,1,134
1699,16822,0,134
25,7115,0,135
2188,12648,0,135
305,10293,0,135
2429,5967,0,135
2461,2053,0,135
382,6533,0,135
1605,21566,0,135
1508,13127,0,135
1091,17121,0,136
2430,17892,0,136
594,7768,0,136
1711,18492,0,136
1508,14525,0,136
1070,18643,0,136
822,6743,0,136
768,6360,0,136
1060,19283,0,137
904,7931,0,137
2089,20315,0,137
1571,10869,0,137
1740,10497,0,137
1193,519,0,137
2154,11210,0,137
219,729,0,137
625,2818,0,138
1191,13417,0,138
1888,12764,0,138
509,7770,0,138
699,8002,0,138
1571,2689,0,138
1796,10571,0,138
101,626,0,138
1959,304,0,139
1809,2815,0,139
2365,8618,1,139
1605,19283,0,139
2209,18420,0,139
70,11757,0,139
466,16910,0,139
16,19394,0,139
73,21292,0,140
2507,5040,0,140
724,3902,0,140
466,8782,0,140
144,12589,0,140
672,14826,0,140
2404,20960,0,140
797,12342,0,140
1839,20067,0,141
1483,1571,0,141
19,6596,0,141
510,3341,0,141
2448,5426,0,141
2517,12769,0,141
1536,15158,0,141
2122,20960,0,141
887,20428,0,142
2332,6740,0,142
1978,13928,0,142
1626,12998,0,142
2069,5119,0,142
597,22043,1,142
1048,21573,0,142
1927,6882,0,142
1172,16301,0,143
1498,18777,0,143
1130,16801,0,143
683,2226,0,143
1626,18731,0,143
2119,2681,0,143
1382,2589,0,143
720,7422,0,143
2407,2346,0,144
1348,8642,0,144
1091,8314,0,144
1456,18231,1,144
2390,10744,0,144
176,8825,0,144
2112,14701,0,144
7,1303,1,144
557,7959,0,145
1026,12056,0,145
1933,9148,0,145
1656,7870,0,145
1661,12838,0,145
2164,6240,0,145
1295,12447,0,145
700,4728,0,145
2201,13661,0,146
769,8429,0,146
277,3149,0,146
546,735,0,146
1809,16316,0,146
2538,12227,0,146
1891,19706,0,146
462,14686,0,146
1640,9564,1,147
994,11272,0,147
1155,8963,0,147
719,6401,0,147
56,21964,1,147
1927,2948,0,147
1964,12901,0,147
242,11691,0,147
136,2576,1,148
1933,7156,0,148
2190,21661,1,148
1010,20453,0,148
215,6601,1,148
1229,10854,0,148
1666,18908,0,148
1439,19654,1,148
2211,14617,0,149
837,16610,0,149
1781,4394,0,149
971,13426,0,149
753,18358,0,149
1863,12822,0,149
2293,4526,0,149
2093,15083,0,149
253,13715,0,150
822,18200,0,150
626,19011,0,150
589,1571,0,150
1962,13416,0,150
1875,12453,0,150
1418,14177,0,150
284,14569,0,150
2342,14522,0,151
1689,18814,0,151
2391,6753,0,151
1060,20125,0,151
917,17317,1,151
1193,4509,0,151
2069,1172,0,151
545,11634,0,151
545,7624,1,152
542,13159,1,152
1605,9734,0,152
497,13644,0,152
2229,871,0,152
599,548,0,152
1531,7003,0,152
2396,18101,1,152
752,7075,1,153
2114,14704,0,153
1791,16870,0,153
2538,21531,0,153
1983,17195,0,153
51,5210,0,153
2106,1253,1,153
1090,16634,1,153
1022,12116,1,154
2149,4787,0,154
2337,10441,0,154
1334,644,0,154
794,13704,0,154
22,16959,0,154
243,16134,0,154
1708,17726,0,154
1169,17826,0,155
410,15299,0,155
1628,14270,0,155
679,9808,0,155
1972,7581,0,155
25,6982,0,155
1108,10664,0,155
1992,18849,0,155
2538,335,0,156
864,19047,0,156
2274,13928,0,156
182,3955,0,156
1647,19108,0,156
299,2727,0,156
1853,15701,0,156
1822,7975,0,156
742,19565,0,157
70,13715,0,157
887,19780,0,157
1910,5797,0,157
2020,12781,0,157
672,853,0,157
625,16333,0,157
1530,18472,0,157
1080,4454,0,158
1529,526,0,158
1423,12414,0,158
576,8786,0,158
497,10989,0,158
737,6759,1,158
1257,17203,0,158
2123,1795,0,158
348,20343,0,159
215,10605,0,159
1170,12137,0,159
1463,9998,0,159
1178,4728,0,159
576,805,0,159
1315,21112,1,159
2430,6740,0,159
621,7701,0,160
2305,4855,0,160
2472,17203,0,160
248,5636,0,160
2435,20419,1,160
793,2072,0,160
117,9326,0,160
940,21204,0,160
702,21933,0,161
1654,5415,0,161
1656,2789,0,161
1106,13782,0,161
1833,21620,0,161
244,12785,0,161
228,21545,0,161
960,18617,0,161
65,5117,0,162
280,16597,0,162
794,19963,0,162
1108,735,0,162
545,14088,0,162
382,12585,0,162
2472,14680,0,162
2396,16561,0,162
1959,6750,0,163
788,14901,1,163
2430,2818,0,163
1365,16184,0,163
2446,22043,0,163
70,5727,0,163
397,14825,0,163
1197,12879,0,163
467,21605,0,164
1564,2980,0,164
261,14378,0,164
1284,9327,0,164
2122,18036,0,164
1995,17828,0,164
899,15261,0,164
582,14840,0,164
1978,12225,0,165
572,8704,0,165
2412,10590,0,165
2299,13099,0,165
1213,17504,0,165
2119,12660,0,165
2062,2270,0,165
1060,801,0,165
1486,13422,0,166
1044,19853,0,166
278,20067,0,166
961,14317,1,166
58,21406,0,166
869,10114,0,166
389,15107,0,166
410,15301,0,166
8,349,0,167
947,13423,0,167
922,5515,0,167
1608,15212,0,167
2430,806,0,167
1702,16823,0,167
531,19817,1,167
397,12919,0,167
243,9841,0,168
1605,8791,0,168
565,12610,0,168
148,21345,0,168
661,7970,0,168
1992,7245,0,168
510,1360,0,168
2224,12785,0,168
2293,10545,0,169
144,7976,0,169
2407,12311,1,169
1810,6672,0,169
1602,18111,0,169
1631,6556,0,169
348,13164,0,169
151,691,1,169
1739,11643,0,170
1621,17885,0,170
1978,12227,0,170
102,20247,0,170
1145,4785,0,170
1317,15355,0,170
1178,14707,0,170
65,1185,0,170
759,4311,0,171
1915,9455,0,171
1825,5339,0,171
745,7077,0,171
1605,20429,0,171
1583,21531,0,171
53,9734,0,171
2089,2681,0,171
261,3240,0,172
1293,8344,0,172
2546,5349,0,172
2361,286,0,172
1673,13271,0,172
462,2827,0,172
2020,20715,0,172
65,20757,0,172
166,18152,0,173
219,19817,0,173
632,7127,0,173
1342,9322,0,173
2,16495,0,173
92,6748,0,173
2389,18153,0,173
2405,21455,0,173
978,15000,0,174
1656,3068,0,174
683,5786,0,174
2322,5069,0,174
107,4082,0,174
1932,3042,0,174
1879,9989,0,174
432,12352,0,174
1296,9734,0,175
598,1657,0,175
1507,6690,0,175
2220,13427,0,175
722,8516,0,175
2430,17561,0,175
759,8379,0,175
1934,174,0,175
1133,808,0,176
1413,2789,0,176
366,9164,0,176
541,9189,1,176
912,5734,0,176
1699,19646,0,176
1258,21936,0,176
547,21282,0,176
734,5991,1,177
56,18761,0,177
725,10315,0,177
2284,20224,0,177
1937,20134,0,177
2284,18558,0,177
1605,17837,0,177
176,14820,0,177
1154,15213,0,178
1853,16450,0,178
1391,2976,1,178
1317,9408,0,178
1893,3167,0,178
638,4329,0,178
53,806,0,178
1257,304,0,178
176,3098,0,179
582,2465,0,179
2504,2818,0,179
846,6360,0,179
2284,17239,0,179
597,8342,0,179
932,16320,0,179
1791,19538,1,179
1975,14129,0,180
2434,4727,0,180
2147,17385,0,180
2518,15749,0,180
2190,12269,0,180
1191,15387,0,180
2396,16194,0,180
73,21757,0,180
1689,9543,0,181
2262,2632,0,181
2238,19239,0,181
627,4730,0,181
1739,14092,0,181
821,14402,0,181
1483,7546,0,181
239,8651,0,181
419,21057,0,182
1265,10451,0,182
1178,16608,0,182
856,16320,0,182
266,4860,0,182
1135,12789,0,182
1850,18454,0,182
209,18713,0,182
1858,6173,0,183
1075,12632,0,183
638,19221,0,183
925,14176,0,183
1825,13686,0,183
2422,21841,0,183
832,18692,0,183
1888,10731,0,183
244,14691,0,184
2115,809,0,184
2337,19492,0,184
1711,289,0,184
342,7323,0,184
2210,19538,0,184
187,14760,0,184
1483,9328,0,184
1927,6512,0,185
978,17549,0,185
2147,4253,0,185
95,8668,0,185
1178,17846,0,185
1594,12468,0,185
705,12895,1,185
1733,21812,1,185
544,16228,0,186
1257,20121,0,186
1933,11127,0,186
561,18165,0,186
1194,10954,0,186
56,9164,1,186
315,1727,0,186
678,19587,0,186
887,19567,0,187
1534,5040,0,187
2030,18747,0,187
2185,12464,0,187
1135,6998,0,187
1984,1120,1,187
2149,10785,0,187
1578,13152,0,187
2260,18583,0,188
1888,12769,0,188
94,7299,0,188
941,4720,0,188
621,11202,0,188
1992,21729,0,188
1007,21613,0,188
1508,645,0,188
1270,9305,0,189
2224,2821,0,189
66,3668,1,189
1649,1006,0,189
226,10821,0,189
2361,21693,0,189
1815,16978,0,189
912,16460,0,189
324,6457,0,190
1774,18402,1,190
944,9392,0,190
975,5421,0,190
25,20449,0,190
1010,3126,0,190
219,8698,0,190
1949,17302,1,190
576,6743,0,191
2297,10869,1,191
417,6743,0,191
598,2065,0,191
62,8692,0,191
307,19205,0,191
1483,16610,0,191
2507,7719,0,191
2123,13726,0,192
1484,21182,0,192
1649,6952,0,192
243,6152,0,192
705,10843,0,192
2052,6286,1,192
421,17330,0,192
2147,10293,0,192
2270,12717,0,193
2208,5421,0,193
1258,4728,0,193
2504,18507,0,193
2405,13012,0,193
960,4029,0,193
1382,10535,0,193
102,9793,0,193
184,13393,0,194
1959,19011,0,194
399,22063,0,194
2471,6740,0,194
852,14687,0,194
387,13149,0,194
265,3518,0,194
1850,17511,0,194
93,8348,0,195
1656,12764,0,195
781,21212,0,195
1154,11490,0,195
1558,12852,1,195
2449,5418,0,195
1183,11288,1,195
998,1288,0,195
382,1609,0,196
1229,14348,0,196
2548,7175,0,196
1532,12787,0,196
1605,12781,0,196
1729,12866,0,196
971,13425,0,196
1418,9869,0,196
626,18443,0,197
1528,20964,0,197
2349,21757,0,197
1522,18731,0,197
1656,6652,0,197
1927,10778,0,197
1688,18241,0,197
336,19065,0,197
2072,7712,0,198
1209,18494,0,198
1365,4029,0,198
1415,6344,0,198
2154,11211,1,198
1258,2821,0,198
896,3556,0,198
2089,12660,0,198
781,17875,0,199
1242,3823,0,199
943,2091,0,199
1366,7997,0,199
2020,801,0,199
2372,11964,0,199
1362,17388,1,199
2472,21811,0,199
547,6029,0,200
128,10640,1,200
1132,18507,0,200
2222,10744,0,200
660,12403,0,200
2538,11678,0,200
248,9675,0,200
1784,14395,0,200
1251,87,0,201
280,21955,0,201
342,13308,0,201
1988,9474,1,201
1614,8880,0,201
2220,4728,0,201
1153,9237,1,201
1429,8208,0,201
697,16650,0,202
822,14680,0,202
1686,3956,0,202
944,206,0,202
2260,18514,0,202
2322,19320,0,202
577,19367,1,202
1955,21221,0,202
1199,12355,0,203
1747,17302,0,203
1972,11592,0,203
14,1699,0,203
1997,20643,0,203
353,8761,0,203
852,304,0,203
2058,13453,0,203
466,17184,0,204
1257,4728,0,204
594,2714,0,204
2445,13066,0,204
1398,4586,1,204
786,4733,0,204
226,9013,0,204
1571,21933,0,204
1791,16560,0,205
30,15046,0,205
1103,6761,0,205
40,14686,0,205
700,8786,0,205
662,20473,0,205
1128,19199,0,205
1668,19552,0,205
2332,6743,0,206
2267,8533,0,206
215,676,0,206
1841,2326,1,206
823,14694,0,206
2050,12990,0,206
1509,5571,0,206
145,6536,0,206
561,19283,0,207
832,19556,1,207
627,10750,0,207
1605,10752,0,207
363,7131,0,207
1631,21045,0,207
1285,4590,0,207
1132,286,0,207
1178,16598,0,208
1208,16934,0,208
1959,17837,0,208
187,12862,0,208
598,7630,0,208
1605,14680,0,208
611,2439,0,208
1959,21693,0,208
1737,8747,0,209
1405,8245,0,209
1861,20654,0,209
1172,254,0,209
1932,21446,0,209
1178,8791,0,209
1513,1591,0,209
2126,19124,0,209
2063,5067,0,210
2260,5229,0,210
1257,2818,0,210
2126,9721,0,210
625,18443,1,210
2412,7233,1,210
725,17580,0,210
1241,19451,0,210
1210,10076,0,211
419,5215,0,211
1067,17186,0,211
1010,7055,0,211
2479,10670,0,211
1247,7775,0,211
149,20269,0,211
1888,2790,0,211
805,4310,0,212
1560,6400,0,212
1348,10602,0,212
2220,21566,0,212
1081,5076,0,212
1701,18550,0,212
1016,20015,0,212
1516,6810,0,212
432,438,0,213
176,951,0,213
1920,13431,0,213
1148,16756,1,213
1542,10128,0,213
1268,20274,0,213
561,14707,0,213
1860,18840,0,213
2305,5328,0,214
1417,16356,0,214
1714,18512,1,214
1454,21446,0,214
1802,14916,0,214
2255,8071,0,214
1972,3589,0,214
353,12769,0,214
419,30,0,215
327,14686,0,215
2191,16173,1,215
1481,12072,0,215
1413,799,0,215
626,16608,0,215
1135,2689,0,215
353,118,0,215
1839,17184,0,216
1230,8732,0,216
2518,21560,0,216
991,14245,0,216
176,6882,0,216
1695,16372,0,216
899,14710,0,216
362,19142,0,216
1233,12407,1,217
1340,8497,0,217
703,17555,0,217
1454,14715,0,217
2405,13010,0,217
542,3174,0,217
823,12790,0,217
1752,10391,0,217
463,11440,1,218
909,12299,0,218
235,16182,0,218
1413,6729,0,218
1862,9500,0,218
688,2871,0,218
451,10082,0,218
625,14687,0,218
2471,820,0,219
1534,15006,0,219
1973,10867,0,219
2305,15868,0,219
2260,7334,0,219
2361,13427,0,219
2054,11613,0,219
822,805,0,219
1153,13245,1,220
1225,2074,0,220
1356,11269,1,220
248,1689,0,220
2433,17517,0,220
890,20491,0,220
342,15295,0,220
275,10037,0,220
1529,13872,0,221
47,9387,0,221
1441,1328,0,221
1884,17578,1,221
592,2521,0,221
1334,645,0,221
757,449,0,221
2263,1019,0,221
215,10598,0,222
1169,15292,0,222
1776,11549,0,222
1813,16935,0,222
219,8697,0,222
2151,7338,1,222
1397,20805,1,222
1920,17247,0,222
900,14887,0,223
366,209,0,223
1132,16598,0,223
2144,9288,0,223
58,7538,0,223
2365,3203,0,223
417,17846,0,223
248,1685,0,223
517,4079,0,224
1595,13390,1,224
2507,1097,0,224
1530,7328,0,224
1191,10448,0,224
421,16516,0,224
2101,9945,0,224
636,18929,0,224
2037,8519,1,225
1605,6745,0,225
2517,14667,0,225
822,19011,0,225
1073,550,0,225
770,1302,0,225
1983,6914,0,225
869,10504,0,225
2316,7220,0,226
1957,16358,0,226
58,9328,0,226
2430,18444,0,226
927,7489,0,226
1172,14263,0,226
56,21636,0,226
495,20999,0,226
1353,12867,0,227
1334,8618,1,227
561,14687,0,227
475,12746,1,227
960,16184,0,227
1671,19639,0,227
1822,16496,0,227
2241,16499,0,227
1907,10481,1,228
1463,10238,0,228
856,17505,0,228
102,13721,0,228
1188,3172,0,228
501,16349,0,228
931,6451,1,228
56,15701,0,228
889,14169,0,229
1418,2835,0,229
1345,13104,0,229
1365,18617,0,229
1699,17102,0,229
2220,8786,0,229
466,16318,0,229
1997,12450,0,229
711,3219,0,230
1229,10098,0,230
932,17184,0,230
1502,16444,0,230
1473,3250,1,230
2265,21671,0,230
1937,2881,0,230
382,2580,0,230
698,18248,0,231
967,805,0,231
1145,18670,0,231
1099,7727,0,231
1560,8451,0,231
2464,15665,0,231
1248,16894,0,231
683,19140,0,231
1426,6692,0,232
2471,19011,0,232
2255,2632,0,232
578,11384,0,232
312,11285,0,232
1909,21481,0,232
176,2948,0,232
528,8972,0,232
700,18507,0,233
2390,6745,0,233
1852,12711,0,233
1129,2672,0,233
1910,5523,0,233
1760,18297,0,233
896,3098,0,233
125,5418,0,233
1827,14483,0,234
2390,6742,0,234
218,1090,0,234
1320,21571,0,234
181,12012,1,234
1269,21544,0,234
1133,12786,0,234
1561,17048,0,234
967,806,0,235
966,10290,0,235
178,19149,1,235
66,3670,0,235
1016,18557,0,235
2401,19221,0,235
219,8699,0,235
2507,7056,0,235
1475,6605,0,236
2305,954,0,236
1614,11350,1,236
737,2840,0,236
421,16517,0,236
2535,8245,0,236
692,18704,1,236
2405,4965,0,236
688,12847,0,237
1171,16356,0,237
1397,19113,0,237
462,2821,0,237
1316,4506,1,237
421,16222,0,237
2054,7600,0,237
1036,8,0,237
1525,8563,0,238
660,10272,0,238
1178,18507,0,238
1839,21955,0,238
2311,20733,0,238
1827,2584,0,238
95,13009,0,238
1616,21312,0,238
382,2581,0,239
874,18827,0,239
1531,16328,0,239
787,2689,0,239
495,6767,0,239
921,21915,0,239
1992,11230,0,239
2237,1696,1,239
2342,12613,0,240
2514,18680,0,240
2272,12417,0,240
1917,14149,0,240
29,12464,0,240
1686,17665,1,240
490,10505,0,240
561,805,0,240
102,13722,0,241
1571,11014,0,241
49,10111,0,241
1630,14811,0,241
2094,16173,0,241
557,20874,0,241
429,19904,0,241
2167,17733,1,241
1016,1624,0,242
1246,13878,0,242
627,10751,0,242
1471,9143,0,242
699,3856,1,242
814,17184,0,242
1455,692,0,242
507,11953,1,242
1528,11148,0,243
1653,13531,0,243
217,8944,0,243
1594,6430,0,243
1793,10185,0,243
2149,6797,0,243
2389,6743,0,243
2001,2074,0,243
2107,19752,0,244
2071,12819,0,244
557,13436,0,244
1504,9319,0,244
765,5410,0,244
2056,5118,0,244
852,16333,0,244
2322,13108,0,244
175,20939,0,245
2218,16332,0,245
295,12600,0,245
852,18152,0,245
1560,8450,0,245
1816,15884,0,245
2389,6750,0,245
857,7361,0,245
150,4349,0,246
1296,19011,0,246
1711,19915,0,246
1528,16538,0,246
1272,8153,0,246
2306,18101,0,246
887,17184,0,246
2054,3599,0,246
786,14704,0,247
896,14820,0,247
636,7158,0,247
576,14701,0,247
2305,3546,0,247
1092,3778,0,247
1933,1166,0,247
836,21563,0,247
672,158,0,248
1705,15776,0,248
1932,4979,0,248
117,5266,0,248
735,10272,0,248
2155,4509,1,248
73,9392,0,248
1447,8941,0,248
2430,20121,0,249
597,14248,0,249
219,4638,0,249
1711,17874,0,249
458,9325,0,249
1860,18620,0,249
1824,8306,0,249
688,4787,0,249
1591,3205,1,250
322,9990,1,250
1135,10745,0,250
828,2976,0,250
261,7227,0,250
327,809,0,250
2063,13107,0,250
1901,10882,1,250
2001,13988,0,251
2361,18153,0,251
576,4728,0,251
753,7944,0,251
266,12919,0,251
509,19410,0,251
2126,2139,0,251
943,9149,0,251
719,121,0,252
2514,659,0,252
1296,801,0,252
852,19283,0,252
1539,4754,0,252
2199,16845,0,252
1009,10601,0,252
382,14483,0,252
1959,286,0,253
1564,20729,0,253
1257,21566,0,253
1888,14668,0,253
2394,3276,0,253
1866,14359,1,253
612,2754,0,253
2546,19780,0,253
2076,18297,1,254
697,7739,0,254
2504,18443,0,254
2220,14707,0,254
2163,8469,1,254
414,9527,0,254
80,17375,0,254
993,19010,0,254
1907,14428,0,255
509,9804,0,255
1694,20397,1,255
1209,16101,0,255
2082,2689,0,255
1753,16220,1,255
2389,21794,0,255
284,14575,0,255
753,9553,0,256
1060,20429,0,256
662,17223,0,256
1737,12275,0,256
626,6750,0,256
512,4976,0,256
1899,5458,1,256
523,14091,0,256
2224,6745,0,257
382,4490,0,257
1037,12168,1,257
661,7976,0,257
944,10251,0,257
1542,9901,0,257
415,20385,1,257
2432,9063,0,257
2365,4528,0,258
1595,3901,0,258
2405,8668,1,258
398,18813,0,258
1869,15888,0,258
1861,16323,0,258
1132,6743,0,258
40,2828,0,258
1508,14528,0,259
1720,19380,0,259
2220,17846,0,259
2265,9441,0,259
1953,13422,0,259
1413,10728,0,259
898,7383,1,259
1784,21672,0,259
22,15600,0,260
176,854,0,260
2549,7860,0,260
1673,6029,0,260
219,6666,0,260
1145,4715,0,260
2400,12269,0,260
636,14336,0,260
561,18152,1,261
1413,12766,0,261
1542,14054,0,261
1688,18243,0,261
243,5776,0,261
95,1036,0,261
65,21045,0,261
896,13568,0,261
56,16349,0,262
2538,14178,0,262
465,10870,0,262
2374,3051,1,262
1560,11858,0,262
2379,10267,1,262
618,10042,0,262
70,3747,0,262
2365,646,0,263
1418,2839,0,263
1178,20429,0,263
1827,13908,0,263
1247,1358,0,263
283,1886,0,263
1195,5364,1,263
1833,7553,0,263
2165,21076,1,264
889,2789,0,264
2145,8789,0,264
1673,5248,0,264
2257,8356,1,264
1875,3369,0,264
2361,820,0,264
1311,3097,0,264
2438,5571,0,265
2149,2872,0,265
1141,3276,0,265
852,18153,0,265
2107,8358,1,265
2317,2802,0,265
2112,14704,0,265
688,2870,0,265
1550,1373,0,266
184,18372,0,266
97,21940,0,266
1957,16936,0,266
1862,15434,1,266
1155,10921,0,266
2535,122,0,266
2462,4155,0,266
1805,7581,0,267
1605,801,0,267
217,21980,0,267
2430,12781,0,267
1649,14884,0,267
1860,13393,0,267
1296,6750,0,267
2058,9496,0,267
978,16880,0,268
25,14930,0,268
2229,20564,0,268
1070,3973,0,268
908,1043,0,268
2094,18617,0,268
1169,9322,0,268
199,3538,0,268
218,5046,1,269
700,801,0,269
776,13713,0,269
1726,16331,0,269
353,8826,0,269
1091,14950,0,269
2478,16862,1,269
1508,4533,0,269
1781,4397,0,270
960,15247,0,270
382,20373,0,270
80,6526,1,270
1774,17453,0,270
2196,19484,1,270
912,3749,0,270
330,21371,0,270
320,18372,0,271
1135,6749,0,271
29,6031,1,271
1484,2258,0,271
1861,20538,0,271
339,13558,0,271
54,6572,1,271
53,16333,0,271
1630,13530,0,272
1178,21794,0,272
2471,286,0,272
337,18357,0,272
2537,4425,0,272
1624,14940,0,272
967,801,0,272
1300,7620,0,272
32,20124,0,273
753,3682,0,273
2535,8810,0,273
509,9802,0,273
2147,6580,0,273
2527,11279,0,273
1632,626,0,273
635,7145,1,273
65,1173,0,274
2405,14920,0,274
2504,12781,0,274
1581,6075,0,274
2023,3391,0,274
1527,5049,0,274
382,8596,0,274
2349,20324,0,274
2332,18153,0,275
1198,6883,0,275
117,3320,0,275
336,5702,0,275
353,2788,0,275
2058,3490,0,275
2078,3894,1,275
2144,10744,0,275
1616,556,0,276
1705,4677,0,276
1457,8346,1,276
1528,17193,0,276
2055,14729,0,276
219,14160,0,276
2394,7260,0,276
2043,11723,0,276
292,4497,0,277
1702,17563,0,277
65,15083,0,277
1402,20183,1,277
2461,21056,0,277
1605,6740,0,277
1537,12414,0,277
1031,15855,0,277
1178,20715,0,278
1438,5421,0,278
2061,16591,0,278
851,14245,0,278
2472,19011,0,278
2492,10151,0,278
2469,17843,0,278
2266,1616,1,278
1169,15295,0,279
1745,16721,0,279
912,9793,0,279
1223,12116,0,279
290,20220,0,279
65,11132,0,279
419,21844,0,279
625,20125,0,279
737,6767,0,280
399,6641,0,280
1534,1280,0,280
627,14686,0,280
1779,12714,0,280
2094,10822,0,280
634,10844,0,280
2361,20125,0,280
1532,2689,0,281
532,10077,0,281
95,4966,0,281
1169,13307,0,281
1178,19283,0,281
1132,18165,0,281
79,18187,0,281
1695,17928,0,281
394,15681,0,282
2332,21693,0,282
1486,13414,0,282
576,14680,0,282
249,18994,0,282
496,4496,1,282
429,15214,0,282
1699,18345,0,282
2209,17162,1,283
961,4331,0,283
195,19729,0,283
2331,7294,0,283
1419,20145,0,283
2546,16910,0,283
1628,6288,1,283
2484,1439,0,283
968,19351,0,284
2395,12586,0,284
1907,12500,0,284
1983,10893,0,284
2186,3614,0,284
348,15100,0,284
2430,21811,0,284
744,2825,0,284
1129,679,0,285
852,2819,0,285
621,13149,0,285
93,8350,1,285
1887,3716,0,285
67,10669,0,285
1454,824,0,285
1661,21507,0,285
1296,6740,0,286
2540,5175,1,286
81,21451,0,286
688,10792,0,286
741,11537,1,286
1834,18463,0,286
2317,15825,1,286
2531,4659,0,286
145,10613,0,287
2185,12098,0,287
896,12918,0,287
1908,20111,1,287
2154,3231,0,287
967,17892,0,287
1927,14822,0,287
1465,20564,0,287
319,19634,0,288
34,21446,0,288
1334,4528,0,288
1172,16731,0,288
2401,4329,0,288
2020,18200,0,288
2253,18771,0,288
1983,4894,0,288
1230,4667,1,289
99,4522,0,289
852,19011,0,289
266,14825,0,289
523,14107,0,289
672,6882,0,289
2332,806,0,289
2483,7842,0,289
374,428,0,290
2324,20693,1,290
1595,15395,0,290
1761,12645,0,290
1952,1770,0,290
862,21118,0,290
1674,17924,0,290
106,411,0,290
41,18673,0,291
1257,8786,0,291
1393,16924,0,291
1891,3329,0,291
1502,13545,0,291
226,14620,0,291
1437,11708,0,291
2283,19125,0,291
589,16953,1,292
2082,21933,0,292
2422,5191,0,292
2295,17188,0,292
1977,13329,0,292
1699,16433,0,292
626,19283,0,292
95,9006,0,292
1863,4760,0,293
1711,5499,0,293
166,17837,0,293
722,6458,0,293
934,7127,0,293
176,4855,0,293
1060,8786,0,293
1956,16214,0,293
2546,9064,0,294
1062,2754,0,294
2517,8235,0,294
582,7870,0,294
793,10077,0,294
447,9155,0,294
2548,12921,0,294
509,1798,0,294
1200,159,1,295
2069,10794,0,295
742,12765,0,295
1810,2730,0,295
805,14294,1,295
911,19024,0,295
737,19570,0,295
2389,17203,0,295
1191,21671,0,296
993,10869,0,296
229,11249,0,296
2361,304,0,296
1656,8450,0,296
1237,21547,0,296
1184,6961,0,296
2471,21693,0,296
32,18153,0,297
973,6761,0,297
1129,676,0,297
938,12668,0,297
320,14487,0,297
1589,20790,0,297
320,16184,0,297
1349,19976,0,297
582,15804,0,298
226,13545,0,298
1910,19938,0,298
2049,21191,0,298
2514,2644,0,298
1257,14680,0,298
2363,6752,0,298
641,5136,0,298
832,4597,1,299
2515,554,0,299
1423,7699,0,299
2475,87,0,299
725,21213,0,299
1686,16258,0,299
2361,19283,0,299
1934,5537,0,299
2002,14930,0,300
324,552,0,300
753,7558,0,300
1531,17433,0,300
1443,8792,0,300
753,20259,0,300
822,21693,0,300
353,8763,0,300
2019,17431,0,301
218,20454,0,301
1060,18444,0,301
804,2879,0,301
1453,19451,0,301
1959,10751,0,301
2549,16808,0,301
513,2642,0,301
1108,2723,0,302
557,11931,0,302
2394,13254,0,302
978,18558,0,302
822,14707,0,302
1285,17404,0,302
226,14005,0,302
576,286,0,302
2100,13576,0,303
353,10728,0,303
753,2917,0,303
2424,15450,0,303
1701,21487,0,303
1649,12982,0,303
428,21446,0,303
320,18617,0,303
37,5601,0,304
1145,4784,0,304
1711,16374,0,304
201,9576,0,304
1688,17232,0,304
1688,16406,0,304
1964,14803,1,304
2265,18698,1,304
2517,14169,0,305
244,2829,0,305
2471,18152,0,305
2430,18507,0,305
360,3569,0,305
2546,17186,0,305
2405,9095,0,305
2237,19079,0,305
532,6031,0,306
2297,6998,0,306
1761,6599,0,306
2248,6301,0,306
2192,136,0,306
1842,4865,0,306
1242,5063,0,306
1323,11278,0,306
69,14641,1,307
1577,6332,0,307
1979,4859,0,307
912,9795,0,307
853,768,0,307
1630,19580,0,307
1030,10555,1,307
1438,5410,0,307
626,17203,0,308
2230,19286,0,308
2048,10750,0,308
792,2880,0,308
1145,8841,0,308
1129,21929,0,308
1016,17239,0,308
124,8974,0,308
2548,19117,1,309
1447,242,0,309
1761,12646,0,309
172,21462,0,309
621,7126,0,309
2538,8245,0,309
178,20526,0,309
2296,4824,0,309
2503,20051,1,310
1927,5250,0,310
1513,1592,1,310
255,961,0,310
770,1111,0,310
774,18730,0,310
725,16278,0,310
1228,13482,0,310
2363,2826,0,311
47,17556,0,311
2345,15061,1,311
1424,2225,0,311
2435,10675,0,311
2361,2818,0,311
988,15661,0,311
2362,17735,0,311
40,20715,0,312
625,21811,0,312
1485,166,0,312
1539,6769,0,312
720,3442,0,312
305,17385,0,312
2265,6164,0,312
73,2516,0,312
2107,18982,0,313
1626,6967,0,313
1681,20776,0,313
2437,12517,0,313
737,837,0,313
1011,3461,0,313
626,12781,0,313
1927,21369,0,313
544,7581,0,314
258,10646,1,314
912,5737,0,314
922,19110,0,314
1145,12849,0,314
2363,18601,0,314
2201,14110,0,314
2504,18152,0,314
1282,1240,1,315
120,923,0,315
760,3466,0,315
92,2822,0,315
125,3466,0,315
807,10731,0,315
348,15101,0,315
2389,17846,0,315
765,15415,1,316
1937,14776,0,316
1468,9996,0,316
2130,11144,0,316
1966,656,1,316
1225,6032,0,316
2422,13547,0,316
1016,17235,0,316
469,19558,0,317
1528,6115,0,317
1286,16839,0,317
2535,6761,0,317
1839,2815,0,317
787,6998,0,317
1135,10869,0,317
2471,2819,0,317
853,6752,0,318
547,15264,0,318
1932,10588,0,318
947,9460,0,318
32,12794,0,318
1295,8464,0,318
2001,4188,0,318
1430,11656,0,318
419,13254,0,319
1784,2494,0,319
581,16963,0,319
1010,1090,0,319
594,5279,0,319
617,19540,1,319
1589,7435,0,319
665,10744,0,319
661,9989,0,320
512,21446,0,320
1245,13878,0,320
2020,14701,0,320
1966,659,0,320
832,14586,0,320
1021,16084,0,320
1382,2594,0,320
1525,2238,0,321
41,11056,0,321
2143,8239,0,321
2522,3324,1,321
693,2611,1,321
626,18465,0,321
582,11379,0,321
149,20817,0,321
195,9263,0,322
2046,17529,0,322
2133,18827,0,322
244,10744,0,322
1740,5504,0,322
722,12995,1,322
1145,8839,0,322
2548,13224,0,322
557,15882,0,323
672,5249,0,323
1882,6500,0,323
1528,811,1,323
1649,14883,0,323
53,6743,0,323
339,15539,0,323
625,18465,0,323
532,12059,0,324
1121,5671,0,324
697,7737,0,324
1927,15868,0,324
2039,7443,1,324
1257,20429,0,324
465,6785,0,324
1695,16825,0,324
2220,16598,0,325
1405,10555,0,325
2225,6387,0,325
1870,918,0,325
1701,16430,0,325
2236,11637,0,325
1233,18428,1,325
741,5512,0,325
2149,1609,0,326
793,2074,0,326
1489,2077,1,326
967,2818,0,326
1978,8262,0,326
1028,5378,0,326
58,1574,0,326
73,5088,0,326
1594,2493,0,327
213,20018,0,327
1944,6985,0,327
1062,6754,0,327
2133,18883,0,327
1348,4578,0,327
305,15295,0,327
693,20663,0,327
2220,2819,0,328
1910,9558,0,328
625,18153,0,328
528,21347,1,328
2349,12225,0,328
1933,7139,0,328
2008,14092,0,328
466,17506,0,328
852,820,0,329
176,7304,0,329
1136,17382,0,329
1284,9324,0,329
495,2840,0,329
1560,3068,0,329
2114,2754,0,329
672,9577,0,329
582,20737,0,330
1827,1609,0,330
1522,8661,0,330
630,12819,0,330
1992,16450,0,330
1711,17614,0,330
2515,9967,0,330
1193,17864,0,330
1910,5522,0,331
782,5390,0,331
95,1033,0,331
278,19779,0,331
719,1832,0,331
1208,3254,1,331
954,3651,0,331
658,12878,0,331
1621,17544,0,332
278,17381,0,332
1017,12416,0,332
2412,18154,0,332
2540,21344,0,332
932,16317,0,332
1621,17872,0,332
201,3555,0,332
84,2740,0,333
916,8910,1,333
1761,21681,0,333
2331,20772,0,333
1010,5034,0,333
1927,8908,0,333
582,3823,0,333
128,2701,1,333
2368,11363,0,334
1372,5299,0,334
166,16333,0,334
339,5576,0,334
1338,19146,0,334
1508,644,0,334
944,21292,0,334
2069,3882,0,334
1531,16921,0,335
1733,17687,0,335
73,772,0,335
625,9734,0,335
2164,3694,1,335
652,7445,1,335
2037,21543,1,335
688,4786,0,335
1945,6075,0,336
1869,8591,0,336
276,9509,0,336
547,13288,0,336
2254,8257,0,336
582,1000,0,336
887,17506,0,336
2471,20429,0,336
2520,20198,0,337
1933,1185,0,337
1349,12191,1,337
1959,14707,0,337
1236,7615,1,337
2544,16195,0,337
2255,8070,0,337
2349,14176,0,337
2430,9734,0,338
640,9846,0,338
557,3479,0,338
2332,19011,0,338
1454,2840,0,338
40,14404,0,338
1091,19597,0,338
2527,21062,0,338
2126,7704,0,339
1809,9064,0,339
166,820,0,339
617,14463,0,339
599,8519,0,339
342,21065,0,339
2390,12785,0,339
1825,7034,0,339
339,11600,0,340
2412,15884,0,340
2020,16598,0,340
620,13871,0,340
2327,10203,0,340
2063,13152,0,340
576,8791,0,340
2069,1173,0,340
1537,20635,0,341
1656,12765,0,341
53,304,0,341
2260,3749,0,341
1959,18200,0,341
1258,6745,0,341
759,14293,0,341
67,20417,0,341
353,6729,0,342
1861,9392,0,342
1510,2634,0,342
405,9969,0,342
1711,21223,0,342
182,3408,0,342
1656,8708,0,342
2094,4029,0,342
1489,22000,0,343
1711,17276,0,343
25,2544,0,343
2230,8653,0,343
1701,18549,1,343
315,9724,0,343
184,3973,0,343
1504,917,0,343
960,13088,0,344
1827,8596,0,344
201,21085,0,344
226,9913,0,344
1869,8590,0,344
1132,18443,0,344
1711,17873,0,344
909,4349,0,344
2430,13427,0,345
967,14680,0,345
1209,5671,0,345
722,10500,0,345
1893,11120,1,345
735,6366,0,345
887,2817,0,345
65,11897,0,345
645,18666,0,346
1198,6884,0,346
1365,5431,0,346
1133,21935,0,346
1907,14421,0,346
2364,17915,1,346
2259,14834,1,346
2471,16333,0,346
1048,931,0,347
278,16318,0,347
2514,2634,0,347
1026,4040,0,347
419,5216,0,347
215,12643,0,347
1805,9610,0,347
1631,7139,0,347
706,14765,0,348
887,9064,0,348
861,15854,0,348
2105,5529,0,348
219,5834,0,348
2297,12789,0,348
73,10555,0,348
1324,912,1,348
2363,14699,0,349
1536,6031,0,349
1702,17898,0,349
1927,954,0,349
278,9036,0,349
1827,2578,1,349
159,5664,1,349
2387,20821,1,349
1860,5560,1,350
1183,7689,0,350
2152,6407,0,350
2424,10272,0,350
1454,21423,0,350
399,22018,0,350
700,16598,0,350
2405,1038,0,350
632,3169,0,351
871,19173,0,351
166,21811,0,351
1229,2943,0,351
594,5733,0,351
2395,20373,0,351
908,12999,0,351
1827,12586,0,351
2341,9088,0,352
2195,8329,0,352
2103,14836,0,352
1242,8451,0,352
353,10727,0,352
1153,13243,0,352
1321,11111,0,352
2538,12225,0,352
2504,806,0,353
1963,14903,0,353
2072,1742,0,353
1153,7242,0,353
1435,1470,0,353
2405,14932,0,353
2304,6397,0,353
1121,14109,1,353
1570,19039,0,354
1276,4040,0,354
1600,3710,0,354
2122,16808,0,354
1132,14707,0,354
2056,10588,0,354
576,18507,0,354
67,12696,0,354
2430,14707,0,355
998,11241,0,355
1827,6533,0,355
1257,21794,0,355
2192,3144,1,355
1560,6398,0,355
735,8429,0,355
818,12177,0,355
2284,17234,0,356
203,17234,0,356
1699,16374,0,356
145,4501,0,356
73,21423,0,356
492,14430,0,356
821,20068,0,356
2272,6387,0,356
932,16318,0,357
735,10398,0,357
2464,16112,0,357
909,15128,0,357
612,4733,0,357
594,10645,0,357
932,4722,0,357
615,1389,0,357
1553,5136,0,358
2479,114,0,358
757,9090,0,358
2220,20125,0,358
638,4328,0,358
2323,16809,0,358
337,6488,0,358
166,805,0,358
365,15969,0,359
1342,15292,0,359
25,9006,0,359
2395,2582,0,359
822,12781,0,359
2048,4730,0,359
904,15843,0,359
310,4720,1,359
2305,11278,0,360
219,12694,0,360
1418,122,0,360
261,21306,0,360
1882,11436,0,360
887,17186,0,360
36,21331,0,360
1699,18966,0,360
1861,14449,0,361
1241,17939,0,361
561,6750,0,361
887,13373,0,361
527,485,1,361
2020,17203,0,361
1365,18372,1,361
781,289,0,361
944,8246,0,362
330,13535,0,362
1771,17188,0,362
2430,21693,0,362
993,12790,0,362
1813,3253,1,362
58,20807,0,362
1030,20073,0,362
616,11665,0,363
1191,18698,0,363
823,18601,0,363
1528,18452,0,363
81,10884,0,363
2438,2858,0,363
1241,17235,0,363
744,15530,0,363
2220,21811,0,364
856,19780,0,364
2229,18670,0,364
1145,8843,0,364
2507,1090,0,364
1564,9247,0,364
1229,18895,0,364
1197,4814,1,364
561,2819,0,365
532,12464,0,365
581,17380,0,365
1132,16608,0,365
214,12790,0,365
944,2279,0,365
1284,9322,0,365
2160,15757,0,365
852,18165,0,366
2082,6748,0,366
1136,17697,0,366
1816,10590,0,366
588,3652,0,366
414,1529,0,366
378,21690,1,366
2262,6033,0,366
688,12848,0,367
967,16333,0,367
1605,20121,0,367
102,15063,0,367
889,14667,0,367
2305,7304,0,367
316,5232,0,367
973,19570,0,367
1888,8763,0,368
2472,6750,0,368
2371,2429,0,368
1511,14511,0,368
810,11428,1,368
214,20714,0,368
2260,21109,0,368
1229,13545,0,368
2546,21955,0,369
925,5769,0,369
122,7032,0,369
1751,20117,1,369
1651,13804,1,369
672,10529,0,369
1959,8786,0,369
2504,20125,0,369
1926,485,0,370
2255,2074,0,370
2147,8296,0,370
21,8915,0,370
1353,6819,1,370
2412,1218,0,370
2146,8540,0,370
2361,20429,0,370
2450,18457,0,371
688,12853,0,371
883,4974,0,371
1188,20758,0,371
883,3067,0,371
1509,984,0,371
2216,121,0,371
793,15994,0,371
1699,16221,0,372
822,18507,0,372
512,3723,0,372
73,14177,0,372
572,4709,0,372
644,9987,0,372
641,13176,0,372
1092,7799,0,372
2114,14691,0,373
561,16608,0,373
1937,18673,0,373
1345,14257,1,373
1257,6743,0,373
432,21909,0,373
102,2211,0,373
305,6580,0,373
1688,16652,0,374
86,7610,1,374
92,10869,0,374
1184,1019,0,374
1260,19203,0,374
1134,14644,0,374
809,8305,0,374
547,5247,0,374
1418,8810,0,375
960,1588,0,375
2030,13167,1,375
389,19893,0,375
992,6991,0,375
1835,1934,0,375
1112,6811,0,375
456,2954,0,375
1176,16382,0,376
1262,2762,0,376
802,20115,0,376
722,549,0,376
1761,678,0,376
53,805,0,376
417,18165,0,376
176,14822,0,376
387,9938,0,377
883,3063,0,377
336,20174,1,377
1740,7975,0,377
598,3626,1,377
701,10754,0,377
737,2835,0,377
2250,17549,0,377
693,10532,0,378
1121,3697,0,378
796,20625,0,378
701,6753,0,378
228,10391,0,378
1241,17234,0,378
576,820,0,378
1927,7304,0,378
665,2821,0,379
702,10869,0,379
2242,3458,0,379
822,806,0,379
2211,12696,0,379
99,4525,0,379
2548,13869,0,379
1365,10473,0,379
2020,18152,0,380
2353,13476,1,380
2395,8596,0,380
56,11153,0,380
565,10532,0,380
1014,1079,0,380
124,10931,0,380
1393,17763,0,380
2538,4216,0,381
582,6400,0,381
794,15687,0,381
2262,12213,0,381
2484,12534,0,381
150,19227,0,381
889,10729,0,381
5,20932,1,381
2332,17846,0,382
1705,12727,0,382
1091,16256,0,382
2018,5207,1,382
199,15477,0,382
1741,17502,0,382
2061,352,1,382
194,18645,0,382
419,11241,0,383
1831,9063,0,383
1299,15462,1,383
2293,4521,0,383
2389,10752,0,383
944,21531,0,383
621,4602,0,383
546,12699,0,383
1058,10238,0,384
1359,1903,1,384
1194,1342,0,384
1802,9095,0,384
624,4040,0,384
1784,15395,0,384
1241,17238,0,384
123,13224,0,384
1656,4711,0,385
2349,21292,0,385
701,18601,0,385
1656,2465,0,385
1933,15097,0,385
2006,11702,0,385
421,17315,0,385
117,21065,0,385
2432,6753,0,386
2210,16560,1,386
53,17837,0,386
2296,919,0,386
2472,18152,0,386
1767,5771,0,386
1466,11641,1,386
1162,16809,0,386
1178,17837,0,387
159,7002,0,387
94,9051,1,387
1299,21991,0,387
226,13388,0,387
988,7032,0,387
1564,4890,0,387
1711,20219,0,387
967,18444,0,388
561,17892,0,388
1061,14949,0,388
1927,4855,0,388
1605,14687,0,388
1542,18263,0,388
1312,5689,0,388
382,2583,0,388
2518,12711,0,389
701,2754,0,389
805,8378,0,389
337,8548,0,389
1551,5832,0,389
41,884,0,389
2274,356,1,389
1933,7928,0,389
998,3277,0,390
2033,6560,0,390
1893,13148,0,390
2412,8799,0,390
1686,17761,0,390
687,20212,1,390
672,14743,0,390
912,15063,0,390
1453,17239,0,391
2430,801,0,391
79,17238,0,391
49,8096,1,391
2163,171,0,391
1945,12116,0,391
924,10285,0,391
1129,10604,0,391
310,12221,0,392
421,16223,0,392
2344,4984,1,392
898,15335,1,392
417,20121,0,392
1997,6408,0,392
1720,20522,1,392
481,14851,0,392
856,17184,0,393
2188,12649,0,393
2405,21334,0,393
1165,3695,1,393
1863,6774,0,393
1211,20310,0,393
1459,20526,0,393
177,6960,0,393
1249,6922,0,394
2546,18151,0,394
1205,10835,0,394
1688,9336,0,394
1578,15814,0,394
99,21146,0,394
1360,994,1,394
360,3682,0,394
1893,15077,0,395
1564,10894,0,395
1418,14715,1,395
1477,8420,0,395
1592,16658,1,395
2145,9036,0,395
1443,1150,0,395
865,1080,0,395
1951,6917,0,396
1647,16392,0,396
700,6745,0,396
1145,12850,0,396
2311,19587,0,396
1581,2645,0,396
2144,12785,0,396
1443,7210,0,396
1145,873,0,397
29,2074,0,397
557,3921,0,397
2048,10489,0,397
1711,20218,0,397
1260,12657,0,397
709,16183,0,397
2511,21503,1,397
1699,16968,0,398
1809,17505,0,398
1022,6033,0,398
2375,13912,0,398
1955,17888,0,398
1626,3031,0,398
1879,7970,0,398
599,6457,0,398
1661,6382,0,399
1296,304,0,399
693,20662,0,399
2332,4728,0,399
1504,8885,0,399
337,11678,0,399
417,14687,0,399
2481,1609,0,399
1945,16040,0,400
634,12897,0,400
1463,15908,0,400
2361,16608,0,400
2328,13242,0,400
226,2613,0,400
475,20392,1,400
1933,3174,0,400
1294,14246,0,401
2009,19229,0,401
2191,13088,0,401
680,843,1,401
1656,1321,0,401
2395,19438,0,401
1229,4616,0,401
898,9385,0,401
1129,19794,0,402
671,18863,0,402
166,14707,0,402
1809,16318,0,402
2539,10705,1,402
1348,12645,0,402
1806,6377,0,402
1621,18546,0,402
1608,15211,0,403
811,18927,0,403
2248,20928,0,403
1666,14180,0,403
1242,19320,0,403
687,7441,0,403
305,9322,0,403
2537,20635,0,403
205,10517,1,404
1887,5697,0,404
1688,18967,0,404
2438,2861,1,404
337,4882,0,404
387,3169,1,404
660,10273,1,404
547,15272,0,404
481,20269,0,405
700,13427,0,405
1839,16909,0,405
1888,6730,0,405
1536,2074,0,405
2133,10434,1,405
1931,5191,0,405
1939,16315,0,405
1992,1274,1,406
2538,14177,0,406
2019,17753,0,406
599,10500,0,406
2097,1053,0,406
889,6729,0,406
576,21566,0,406
1933,11897,0,406
822,801,0,407
1863,6770,0,407
41,4800,0,407
1661,5147,0,407
2389,8236,0,407
2412,8319,0,407
2381,3482,1,407
2220,8791,0,407
1927,14736,0,408
645,6760,1,408
1813,16352,0,408
81,17194,1,408
2470,20065,0,408
1418,8245,0,408
579,11054,0,408
2163,20055,0,408
949,7346,1,409
742,2802,0,409
1141,5216,0,409
1716,9715,0,409
2040,9550,1,409
684,17572,0,409
1123,18301,0,409
64,4662,0,409
417,18465,0,410
1241,18187,0,410
1973,8907,0,410
1334,8617,0,410
660,6366,0,410
891,3545,0,410
2115,6754,0,410
2242,21989,0,410
1463,2808,0,411
1888,4209,0,411
532,15994,0,411
1342,7323,0,411
889,8775,0,411
2365,6563,0,411
1962,20791,0,411
1542,12389,0,411
736,17761,0,412
1242,20348,0,412
419,13251,0,412
124,10929,0,412
932,17506,0,412
1600,1749,0,412
1413,4711,0,412
1921,4269,0,412
629,530,0,413
1251,14587,0,413
1025,63,0,413
2393,15332,0,413
641,9161,0,413
117,12293,0,413
65,13855,0,413
1178,304,0,413
545,7622,1,414
1145,18717,0,414
1382,2590,0,414
2332,17837,0,414
1894,14802,0,414
883,7140,0,414
582,12638,0,414
561,14680,0,414
992,4976,0,415
900,10925,0,415
576,8236,0,415
317,1082,1,415
204,14346,0,415
565,15489,0,415
814,16317,0,415
2063,6308,1,415
2422,1258,0,416
195,11771,0,416
2272,6388,0,416
1532,4739,0,416
2426,3072,0,416
1784,4395,0,416
456,1980,0,416
1972,3588,0,416
1057,18582,0,417
1631,5116,0,417
95,13011,0,417
2220,16608,0,417
887,17381,0,417
1846,15547,1,417
280,16316,0,417
1242,6400,0,417
2020,21794,0,418
547,11275,0,418
53,20125,0,418
2236,14107,0,418
2332,13427,0,418
2116,13910,0,418
2254,8256,0,418
576,9734,0,418
2389,17561,0,419
65,2622,0,419
852,20121,0,419
184,5560,0,419
129,18649,0,419
73,2262,0,419
2475,7295,0,419
902,6661,1,419
134,3740,1,420
2342,640,0,420
219,2724,0,420
2141,11048,1,420
1957,18173,0,420
495,2837,0,420
530,20505,0,420
683,19975,0,420
2017,16793,1,421
2158,4988,0,421
512,3042,0,421
576,20121,0,421
1605,20125,0,421
1103,21568,0,421
1616,8850,0,421
2260,15063,0,421
2389,10751,0,422
720,21429,0,422
1178,18443,0,422
2071,2842,0,422
415,17243,1,422
683,9856,0,422
497,14950,0,422
978,18186,0,422
1832,432,1,423
1792,6445,0,423
25,13011,0,423
1528,17841,0,423
822,16333,0,423
2471,806,0,423
903,15526,0,423
1315,13177,0,423
2119,687,0,424
1605,19011,0,424
1952,9775,0,424
2472,13427,0,424
1689,17875,0,424
1656,8985,0,424
438,10344,0,424
2201,11698,0,424
2337,19231,0,425
2260,11254,0,425
1260,4588,0,425
1927,10515,0,425
2188,14564,0,425
1528,7857,0,425
1624,7991,0,425
1959,17561,0,425
1172,16782,0,426
2465,11332,0,426
1997,11341,0,426
1129,20664,0,426
1334,6561,0,426
967,19283,0,426
81,18359,0,426
2260,9793,0,426
1405,14894,1,427
207,16759,0,427
1711,17608,0,427
146,12097,0,427
70,2216,0,427
1178,6750,0,427
1602,19807,1,427
695,8127,0,427
1182,6829,0,428
362,155,0,428
606,5269,0,428
581,17697,0,428
1067,16317,0,428
184,10913,0,428
2365,12614,0,428
2361,20121,0,428
615,11339,0,429
1136,17383,1,429
1631,13855,0,429
95,1035,0,429
2020,21811,0,429
2284,17549,0,429
284,877,0,429
2405,14931,0,429
1211,16462,0,430
2097,6991,0,430
934,1158,0,430
1809,17186,0,430
1169,21065,0,430
561,6740,0,430
626,8786,0,430
960,13884,0,430
2517,10725,0,431
547,1692,0,431
1705,2757,0,431
1852,15749,0,431
2260,9796,0,431
2392,7972,0,431
57,13302,1,431
1700,17085,0,431
2069,21448,1,432
2126,14402,0,432
1483,5531,0,432
348,20179,0,432
864,13133,0,432
1145,6797,0,432
2471,14680,0,432
561,12781,0,432
1844,1597,0,433
857,19631,0,433
627,10869,0,433
2112,9288,0,433
305,14541,0,433
1888,118,0,433
1507,12714,0,433
2482,19119,1,433
1296,18152,0,434
465,5243,0,434
1103,4364,0,434
1016,17549,0,434
485,12267,0,434
360,9592,0,434
1418,121,0,434
278,16910,0,434
598,14107,0,435
2426,17991,0,435
64,8391,1,435
816,22045,0,435
1699,17548,0,435
2546,17506,0,435
1213,18130,0,435
589,9328,0,435
1258,12785,0,436
1284,7323,0,436
1933,11129,0,436
2085,6140,0,436
753,20732,0,436
1972,8138,0,436
1527,21905,0,436
1656,12971,0,436
2230,10755,0,437
462,3507,0,437
1695,17547,0,437
852,2818,0,437
396,7149,1,437
941,12779,0,437
2316,7221,0,437
640,6573,0,437
1992,5268,0,438
1525,14455,0,438
2284,18495,0,438
166,801,0,438
65,7156,1,438
973,10767,0,438
571,15301,0,438
1344,16450,0,438
166,806,0,439
2242,1475,0,439
1649,20149,0,439
998,30,0,439
1338,18485,0,439
2020,21693,0,439
2048,10751,0,439
131,1640,0,439
1927,3099,0,440
561,286,0,440
967,20429,0,440
1647,16951,0,440
973,2835,0,440
912,2211,0,440
1863,8814,0,440
1779,10692,0,440
967,18507,0,441
1816,8570,0,441
2361,21811,0,441
2467,17204,0,441
257,5930,0,441
248,2071,0,441
2236,9875,0,441
264,16640,1,441
226,6427,0,442
278,16597,0,442
998,5217,0,442
284,10626,0,442
1816,17188,0,442
1241,18186,0,442
117,9327,0,442
2274,11970,0,442
1708,16226,1,443
187,11838,0,443
2439,12866,0,443
1296,18200,0,443
399,10810,0,443
1888,8235,0,443
2504,2819,0,443
1252,7610,0,443
2525,1416,0,444
1135,2822,0,444
1447,17850,0,444
662,17258,1,444
1296,17203,0,444
2222,12785,0,444
2370,18149,0,444
2305,854,0,444
2274,2278,0,445
2071,6772,0,445
1324,8883,0,445
1959,10752,0,445
625,2819,0,445
1342,9325,0,445
179,14057,0,445
2220,801,0,445
274,68,0,446
625,801,0,446
229,3282,0,446
1099,13691,0,446
700,17892,0,446
2405,18732,0,446
481,17197,0,446
495,122,0,446
735,10401,0,447
1689,21367,0,447
525,12568,0,447
2317,799,0,447
2395,8597,0,447
600,12881,1,447
879,17858,0,447
2284,14346,0,447
2089,6613,0,448
1573,13416,0,448
291,2001,0,448
2476,6952,0,448
2082,10869,0,448
159,8165,0,448
428,4979,0,448
73,19782,0,448
786,3507,0,449
869,2102,0,449
1973,1139,0,449
1225,15291,0,449
415,16503,0,449
725,404,0,449
2219,6846,0,449
1092,6152,0,449
342,9327,0,450
1605,16598,0,450
2474,14437,1,450
2112,14686,0,450
1348,6599,0,450
1256,20411,1,450
2149,6800,0,450
166,8786,0,450
755,17464,0,451
1641,11044,1,451
2245,3566,1,451
2255,2075,0,451
2504,17837,0,451
944,14183,0,451
585,13589,0,451
2389,21693,0,451
1323,15278,0,452
353,14668,0,452
1141,19904,0,452
1534,5038,0,452
1948,4289,0,452
2318,5267,0,452
626,801,0,452
1959,6740,0,452
1208,13242,0,453
131,19896,0,453
10,2429,0,453
218,15006,0,453
1344,12877,0,453
2237,7309,0,453
462,9288,0,453
1816,10404,0,453
978,7591,0,454
25,1037,0,454
1930,15375,1,454
1296,18165,0,454
2311,6933,0,454
1863,12819,0,454
356,11129,0,454
201,3554,0,454
869,8099,0,455
485,20607,0,455
588,2071,0,455
2239,326,1,455
396,14922,0,455
1551,7854,0,455
1806,7161,0,455
2083,14539,1,455
896,21369,0,456
1413,12769,0,456
1937,10808,0,456
1007,18142,1,456
753,2985,0,456
495,139,0,456
581,17383,0,456
823,20714,0,456
785,10845,1,457
2188,2670,0,457
2361,806,0,457
2002,6979,0,457
1528,17192,0,457
53,18444,0,457
1816,18154,0,457
1528,18360,0,457
512,4979,0,458
34,4976,0,458
710,14820,0,458
356,21591,1,458
1695,17274,1,458
2069,1342,0,458
2223,19012,0,458
2466,10392,0,458
2451,20424,0,459
182,5362,0,459
1057,16735,0,459
2216,17188,0,459
753,13878,0,459
1060,17561,0,459
2391,809,0,459
889,10730,0,459
405,1963,0,460
2020,14707,0,460
2405,4976,0,460
616,7531,0,460
485,20002,0,460
557,3585,0,460
1334,5628,0,460
219,6667,0,460
625,12781,0,461
720,1451,0,461
305,13307,0,461
1793,6133,0,461
1429,12098,0,461
1468,672,0,461
1738,20007,0,461
73,14176,0,461
204,2306,0,462
2020,17846,0,462
932,802,0,462
814,20657,0,462
2265,15576,0,462
2144,14701,0,462
887,18151,0,462
1391,10887,0,462
261,154,0,463
1529,20353,0,463
1257,17846,0,463
670,8591,0,463
1425,4733,0,463
1537,5571,0,463
1342,15295,0,463
2156,14545,1,463
1933,5116,0,464
324,19773,0,464
2263,3021,0,464
2392,13910,0,464
1418,2279,0,464
1348,21681,0,464
166,18153,0,464
626,806,0,464
1103,12814,0,465
1968,21511,1,465
2122,18325,0,465
41,8857,0,465
1847,16486,0,465
1077,9089,0,465
1560,4985,0,465
2432,14644,0,465
2475,3292,0,466
2538,2262,0,466
1793,21377,0,466
214,10489,0,466
822,2818,0,466
2542,15844,0,466
1257,18152,0,466
184,15314,0,466
2147,655,0,467
606,3327,0,467
2194,5101,1,467
140,11757,0,467
742,118,0,467
2472,19283,0,467
1933,7137,0,467
967,19011,0,467
1831,10754,0,468
2536,7762,0,468
370,15071,1,468
1225,12464,0,468
2000,14202,1,468
547,15265,0,468
879,15661,0,468
896,158,0,468
339,13562,0,469
852,13427,0,469
1117,17314,0,469
1010,20455,0,469
2507,5046,0,469
299,4643,0,469
1699,16966,0,469
2264,19007,1,469
2394,9253,0,470
1654,13416,0,470
788,18156,0,470
462,14691,0,470
1694,11026,1,470
705,16537,0,470
363,18645,0,470
226,14348,0,470
852,8786,0,471
641,15119,0,471
2535,4750,0,471
1980,4278,1,471
1845,19403,0,471
41,10820,0,471
261,21470,0,471
1224,12464,0,471
211,17684,0,472
1070,15508,0,472
707,11829,1,472
2094,15247,1,472
1695,1547,0,472
1382,1978,0,472
582,13152,0,472
594,13143,0,472
2255,15994,0,473
57,12464,0,473
1246,17191,1,473
2318,5268,0,473
225,10571,0,473
32,8236,0,473
2405,6983,0,473
2154,9210,0,473
720,13398,1,474
102,11759,1,474
1594,21793,0,474
1340,12477,0,474
1844,1980,0,474
801,8931,1,474
452,16645,1,474
1699,16900,0,474
765,4597,0,475
625,6740,0,475
1803,6872,1,475
2361,12781,0,475
735,467,0,475
1342,20033,0,475
1429,10529,0,475
634,925,0,475
2021,20404,0,476
30,11088,1,476
700,2818,0,476
1809,21955,0,476
1711,17615,0,476
1049,11954,0,476
226,18783,0,476
2101,1195,0,476
1257,9734,0,477
370,13846,0,477
246,14867,0,477
2469,10988,0,477
944,10555,0,477
967,14687,0,477
1178,17892,0,477
2395,10533,0,477
2020,10752,0,478
1637,13431,0,478
2464,7034,0,478
305,1340,0,478
417,4728,0,478
2119,19203,0,478
342,5266,0,478
851,18129,0,478
1296,16608,0,479
2472,8786,0,479
1300,16763,0,479
1771,15884,0,479
714,16478,1,479
1258,14691,0,479
715,7850,1,479
640,17577,0,479
2090,5235,0,480
2250,19451,0,480
1103,837,0,480
629,7015,0,480
2275,20235,0,480
523,2065,0,480
582,8985,0,480
2464,12857,0,480
700,14687,0,481
1048,4830,0,481
260,13745,0,481
1689,18492,0,481
218,9076,0,481
944,2809,0,481
665,14704,0,481
547,21351,0,481
1138,11034,0,482
1528,17511,0,482
967,21566,0,482
1711,17547,0,482
1247,19713,0,482
706,4806,0,482
665,2829,0,482
280,9063,0,482
1455,16409,0,483
280,16317,0,483
1410,768,0,483
688,4784,0,483
1594,8486,0,483
2515,3906,0,483
967,13427,0,483
1702,16966,0,483
2429,14247,0,484
1153,15202,0,484
1600,16621,0,484
889,12769,0,484
1994,2651,0,484
243,13747,0,484
626,20125,0,484
82,7743,0,484
1257,286,0,485
1498,7295,0,485
1904,20198,0,485
2378,11830,1,485
2471,17846,0,485
144,7970,1,485
1507,6182,0,485
967,6743,0,485
770,19606,0,486
1183,20239,0,486
1745,16613,0,486
2152,19230,0,486
2394,15216,0,486
1229,13388,0,486
1933,13154,0,486
2119,10622,0,486
581,17382,0,487
618,5571,0,487
710,4855,0,487
557,7958,0,487
2088,21854,0,487
15,8008,0,487
2389,2819,0,487
1532,6753,0,487
1737,15013,0,488
1810,14619,0,488
589,20807,0,488
1257,16608,0,488
736,16922,0,488
2502,2105,0,488
81,16324,0,488
525,19540,0,488
944,335,0,489
73,10251,0,489
2018,16450,0,489
1996,19010,0,489
532,8070,0,489
1270,9302,0,489
700,17561,0,489
2446,12305,0,489
1987,5975,0,490
1534,7055,0,490
1931,7295,0,490
101,4501,0,490
2151,7336,0,490
1688,17244,0,490
2541,11272,0,490
2295,21434,1,490
1088,18584,0,491
2301,15128,0,491
222,1354,1,491
576,21693,0,491
1573,5415,1,491
1145,10788,0,491
1225,2075,0,491
333,7032,0,491
1172,17973,0,492
2018,20767,0,492
417,13427,0,492
466,16320,0,492
1103,5799,0,492
1284,15292,0,492
1429,15069,0,492
822,4728,0,492
753,7557,0,493
1888,19565,0,493
1927,10529,0,493
2430,8786,0,493
1661,8349,0,493
1789,5744,0,493
2069,1329,0,493
2297,10747,0,493
1988,17230,0,494
1104,1397,1,494
589,3547,0,494
1137,4429,1,494
1583,8262,0,494
684,19624,0,494
1939,15089,0,494
786,9288,0,494
2100,984,0,495
883,20152,0,495
1863,21325,1,495
459,12607,0,495
532,6033,0,495
688,4783,1,495
1528,4882,0,495
2394,13255,0,495
340,20607,0,496
1577,7565,0,496
2430,17203,0,496
1493,21342,0,496
661,12347,0,496
2220,19011,0,496
852,801,0,496
1952,1769,1,496
547,9303,0,497
1334,2621,0,497
871,15997,0,497
1262,12734,1,497
2248,8368,1,497
25,4965,0,497
2515,8528,0,497
458,21847,0,497
1963,6962,0,498
2305,1284,0,498
621,20241,0,498
1936,18140,1,498
1730,4670,0,498
698,17286,0,498
1508,5628,0,498
25,1035,0,498
2469,14950,0,499
1178,805,0,499
1871,14876,0,499
25,6972,0,499
581,260,0,499
621,87,0,499
195,5229,0,499
1699,13502,0,499
948,1204,0,500
576,13427,0,500
941,15836,0,500
417,9734,0,500
25,9095,0,500
1703,17701,1,500
2349,11968,0,500
101,2594,0,500
2025,12664,0,501
2125,16072,1,501
218,16183,0,501
2436,6182,0,501
91,17687,1,501
742,2788,0,501
509,1795,0,501
1030,14518,0,501
2305,853,0,502
1242,9301,0,502
1633,20778,0,502
95,13010,0,502
1408,18494,0,502
1631,5117,0,502
2322,3140,0,502
2349,5936,0,502
2342,638,1,503
1861,6115,0,503
2459,1907,0,503
1631,1183,0,503
967,2819,0,503
1498,19352,0,503
234,16574,0,503
1237,18769,0,503
1761,8642,0,504
1909,8,0,504
1600,7032,0,504
2272,14357,0,504
1502,7555,0,504
1688,17931,0,504
2085,2213,0,504
1927,12918,0,504
993,2689,0,505
2477,4884,1,505
2091,19150,0,505
1208,16935,1,505
65,15097,0,505
2243,15144,0,505
2484,15167,0,505
324,548,0,505
978,17939,0,506
759,6309,0,506
565,13179,0,506
2546,19779,0,506
1853,14402,0,506
67,115,0,506
280,17186,0,506
1132,820,0,506
1701,19647,0,507
664,18409,0,507
1528,4883,0,507
1813,15191,0,507
1509,8944,0,507
700,14680,0,507
2472,18444,0,507
684,16258,0,507
626,12474,0,508
1864,12322,0,508
2211,10218,0,508
1516,10798,0,508
1729,2880,0,508
1007,5702,0,508
339,15540,0,508
417,2819,0,508
753,10334,0,509
465,1308,0,509
1235,2781,0,509
1112,6829,0,509
1611,12696,0,509
1413,14668,0,509
117,9324,0,509
1529,14395,0,509
2117,19846,0,510
218,5034,0,510
1948,10328,0,510
1132,18200,0,510
883,5118,0,510
1860,7664,0,510
1719,15203,0,510
1995,16720,0,510
2160,14616,0,511
78,12347,1,511
1191,578,0,511
2075,12975,0,511
2082,10746,0,511
735,11723,0,511
53,14687,0,511
2100,76,0,511
2531,19976,1,512
1432,8692,0,512
2074,17803,1,512
1745,1551,0,512
1246,13967,0,512
418,11272,0,512
1073,12506,0,512
2012,17452,0,512
2219,245,1,513
1257,19283,0,513
2471,4728,0,513
2249,1237,0,513
2284,16633,0,513
1711,16373,0,513
576,17837,0,513
1407,21856,0,513
967,12781,0,514
1605,17892,0,514
2305,10529,0,514
2514,10644,0,514
41,10819,0,514
1132,806,0,514
1354,2300,0,514
618,22022,0,514
1668,686,0,515
1129,12643,0,515
928,18173,0,515
65,9138,0,515
2401,4328,0,515
2126,13664,0,515
2223,21098,0,515
1816,16912,0,515
582,8450,0,516
1183,19556,0,516
661,12589,0,516
417,304,0,516
1933,9137,0,516
2083,6577,0,516
1437,11704,1,516
1525,2549,0,516
898,1373,0,517
2250,17237,0,517
1711,17616,0,517
1293,14264,0,517
1077,7893,0,517
818,2982,0,517
73,12227,0,517
2094,2269,0,517
1656,6729,0,518
176,14826,0,518
944,10199,0,518
532,12098,0,518
1313,4774,0,518
944,12227,0,518
1512,20844,1,518
594,5229,0,518
2149,4784,1,519
1870,2898,0,519
1924,19550,0,519
1132,304,0,519
217,5274,1,519
769,12403,0,519
1342,3319,0,519
822,9734,0,519
1815,16666,0,520
1209,9717,1,520
822,16608,0,520
2260,2211,0,520
1125,12249,0,520
2484,3433,0,520
1955,17185,0,520
759,8381,1,520
1888,799,0,521
1141,9253,1,521
621,11120,0,521
528,21728,0,521
2056,6200,0,521
219,733,0,521
2020,286,0,521
1844,14077,0,521
299,734,0,522
2144,6742,0,522
53,6750,0,522
195,17637,0,522
1573,9467,0,522
58,20527,0,522
973,10763,0,522
2504,18200,0,522
1728,12561,0,523
528,13916,0,523
1653,7612,0,523
2546,13373,0,523
278,9063,0,523
2461,7240,0,523
1831,2754,0,523
932,2814,0,523
2146,8538,0,524
1209,7697,0,524
356,5119,0,524
1529,1441,1,524
1024,19648,0,524
954,1458,0,524
327,6745,0,524
32,806,0,524
2322,7082,0,525
1953,11438,1,525
1893,1159,0,525
1959,18444,0,525
353,10731,0,525
303,12936,0,525
466,17505,0,525
1413,12764,0,525
915,18622,0,526
1367,12146,1,526
879,1749,0,526
967,18200,0,526
1656,10726,0,526
509,7089,0,526
1208,17215,0,526
176,14737,0,526
1725,9399,0,527
841,7503,1,527
547,9295,1,527
81,17075,0,527
1145,2867,1,527
1882,18800,0,527
2340,11770,0,527
275,21152,0,527
1863,14724,0,528
2112,4733,0,528
69,20427,0,528
1132,19011,0,528
1178,18444,0,528
561,20121,0,528
1193,11956,0,528
2394,7261,0,528
1306,16837,0,529
2101,15843,1,529
935,930,0,529
187,19156,0,529
66,9690,0,529
1955,11693,0,529
353,2790,0,529
1132,17837,0,529
2405,13011,0,530
1594,20353,0,530
887,17505,0,530
1701,17603,0,530
1813,18170,0,530
975,5427,0,530
2488,10936,0,530
305,3319,0,530
2139,13830,0,531
1650,11230,0,531
1861,4883,0,531
1294,5967,0,531
725,16800,1,531
1014,13064,0,531
2349,2280,0,531
1605,18153,0,531
2394,30,0,532
1473,3248,1,532
1816,17741,0,532
1816,121,0,532
1832,13396,1,532
1897,5422,0,532
1016,20226,0,532
2133,765,0,532
79,17939,0,533
1229,3825,0,533
469,2720,1,533
1983,6913,1,533
2220,17203,0,533
1511,6552,0,533
1532,6754,0,533
1695,18493,0,533
2122,7860,0,534
81,16844,0,534
1498,3292,0,534
495,19863,0,534
396,5125,0,534
1044,18730,0,534
528,9234,0,534
2021,251,0,534
649,20785,0,535
2361,18507,0,535
572,4642,0,535
2071,6771,0,535
25,4966,0,535
1067,17381,0,535
1282,12449,0,535
1060,286,0,535
65,21927,0,536
2472,286,0,536
2018,15200,0,536
2236,3629,0,536
1140,12355,0,536
1425,13373,0,536
889,8826,0,536
2476,1006,0,536
671,6286,0,537
65,7141,0,537
1894,6856,0,537
1581,12098,0,537
1887,15667,0,537
735,18935,0,537
1605,14701,0,537
1372,151,0,537
2048,20715,0,538
187,12861,0,538
700,17203,0,538
1187,5479,1,538
2119,685,0,538
1910,1859,0,538
932,16910,0,538
177,14903,0,538
1140,9097,1,539
2079,15962,0,539
1718,6796,0,539
102,7768,0,539
1843,4900,1,539
672,2949,0,539
1825,13685,0,539
625,19011,0,539
1784,6430,0,540
1740,18604,0,540
2535,2279,0,540
2468,10812,0,540
2188,10605,0,540
1631,20757,0,540
2422,4598,0,540
2297,2822,0,540
1689,292,0,541
1463,2261,0,541
793,14015,0,541
1315,20251,0,541
22,16646,0,541
855,11142,0,541
883,4947,0,541
1429,6809,0,541
1190,10706,1,542
864,7113,0,542
62,15920,0,542
1529,2494,0,542
2238,15027,0,542
725,17147,0,542
597,4280,0,542
1605,10751,0,542
941,12221,0,543
639,2536,0,543
626,17846,0,543
1825,5955,0,543
648,4759,1,543
2396,16792,0,543
2048,8788,0,543
965,8235,0,543
1247,19369,0,544
1809,9036,0,544
1022,2632,0,544
339,11601,0,544
2332,14707,0,544
2390,2829,0,544
1760,18398,0,544
2119,4587,0,544
726,10508,0,545
2315,2142,0,545
905,19636,1,545
2126,15701,0,545
1592,267,0,545
108,21709,1,545
1583,15144,0,545
887,5349,0,545
1260,10622,0,546
339,13559,0,546
1145,14754,0,546
1933,15086,0,546
1553,7169,0,546
360,1595,0,546
1673,15267,0,546
1551,6893,0,546
2147,6250,0,547
1516,14759,0,547
2504,805,0,547
2305,14737,0,547
709,20455,0,547
1413,2788,1,547
2332,18444,0,547
735,12403,0,547
29,12060,0,548
895,8480,0,548
326,1474,0,548
1440,2654,0,548
700,14686,0,548
191,7208,0,548
1229,7131,0,548
13,1627,0,548
786,2829,0,549
2132,7358,1,549
1429,20858,0,549
1205,16169,0,549
1405,21292,0,549
2502,9955,0,549
737,21446,0,549
1282,13212,0,549
1621,16424,0,550
848,3153,1,550
1973,2945,0,550
507,15894,0,550
1167,21301,0,550
459,20827,0,550
2439,2880,0,550
1225,13302,0,550
582,21061,0,551
1399,18149,0,551
921,20639,0,551
2518,1527,0,551
176,3276,0,551
1210,1324,1,551
1344,20767,0,551
458,9323,0,551
1311,6829,0,552
337,13003,0,552
327,2828,0,552
21,12925,0,552
1507,10692,0,552
1656,2793,0,552
1477,2432,1,552
65,5118,0,552
887,2816,0,553
1132,8791,0,553
1530,3280,0,553
215,10596,0,553
1504,6840,0,553
2188,10606,0,553
561,20125,0,553
1193,4493,1,553
1468,10254,0,554
1996,21935,0,554
1695,17605,0,554
786,2827,0,554
1616,5677,0,554
2000,20322,0,554
1236,1450,0,554
495,19569,0,554
1564,6914,1,555
339,5575,0,555
2472,18443,0,555
1135,14949,0,555
887,8783,0,555
1413,10725,0,555
1560,20640,0,555
2472,17561,0,555
2322,5067,0,556
1850,17192,0,556
700,18165,0,556
626,21794,0,556
1542,10127,1,556
53,21811,0,556
2124,19231,0,556
1792,538,0,556
1154,1288,0,557
2020,17837,0,557
1260,20315,0,557
1175,18803,0,557
2260,11762,0,557
626,18507,0,557
857,7347,1,557
1988,2476,1,557
339,17017,0,558
2123,7771,0,558
2389,16598,0,558
1863,14726,0,558
337,9392,0,558
857,1368,0,558
90,12472,0,558
576,20715,0,558
353,19565,0,559
2265,5384,0,559
1334,14525,0,559
22,17579,0,559
672,5328,0,559
938,15252,1,559
1560,6399,0,559
1611,10669,0,559
2297,21933,0,560
211,400,1,560
178,14798,0,560
336,7733,0,560
883,7139,0,560
625,8786,0,560
634,8531,0,560
2542,13176,0,560
204,17234,0,561
852,14707,0,561
2149,8482,0,561
1630,6861,0,561
814,16318,0,561
856,20067,0,561
195,18583,0,561
2113,9288,0,561
312,13299,1,562
1178,10751,0,562
2504,286,0,562
20,16837,1,562
1700,21099,0,562
626,2818,0,562
550,19539,1,562
1454,4750,0,562
1594,13872,0,563
456,21792,0,563
2254,14185,0,563
1324,918,0,563
399,13754,0,563
1267,3945,0,563
1718,14756,0,563
1534,7056,0,563
1134,6753,0,564
1511,8612,0,564
1107,743,0,564
1631,9138,0,564
342,9323,0,564
2188,14565,0,564
975,7441,0,564
1850,17193,0,564
53,18443,0,565
34,10588,0,565
1412,16818,1,565
2071,14726,0,565
2449,5419,0,565
1454,832,0,565
1153,9238,0,565
2236,11638,0,565
1654,9467,0,566
322,5930,0,566
1701,16701,0,566
636,5571,0,566
722,14418,0,566
1245,20732,0,566
243,11800,0,566
1031,13438,1,566
2552,8306,0,567
1822,18321,0,567
2361,14707,0,567
1861,4882,0,567
2535,2840,0,567
1506,16666,1,567
382,2584,0,567
1252,9635,1,567
1657,17517,0,568
417,18507,0,568
1430,15354,0,568
2093,16311,1,568
184,18874,0,568
1888,14667,0,568
1178,801,0,568
745,15168,0,568
883,4979,0,569
1933,5117,0,569
1576,460,0,569
1605,18465,0,569
1488,57,0,569
2213,21798,1,569
2361,16598,0,569
829,8897,1,569
1809,17381,0,570
1531,18082,0,570
2422,696,0,570
702,2689,0,570
576,17203,0,570
2548,14767,0,570
307,2229,0,570
1176,4438,0,570
221,1772,0,571
1583,13928,0,571
2405,9006,0,571
2424,18658,0,571
683,10205,0,571
2392,13911,0,571
1583,12227,0,571
2020,20429,0,571
1125,18910,0,572
218,7056,0,572
281,20258,0,572
1071,14131,0,572
2294,10419,0,572
935,8891,0,572
2432,6754,0,572
719,9056,0,572
2069,20020,0,573
1605,4728,0,573
855,7163,0,573
1988,20512,0,573
1927,15270,0,573
2222,14701,0,573
485,18622,0,573
107,12090,1,573
2429,14246,0,574
2535,2837,0,574
1959,16608,0,574
2405,1033,0,574
936,14004,1,574
1191,5384,0,574
2477,6906,0,574
2221,11340,1,574
1740,17377,0,575
1134,8789,1,575
561,8791,0,575
2002,20957,0,575
599,13885,0,575
139,21687,0,575
176,853,0,575
1413,14667,0,575
1531,16546,0,576
2241,10582,0,576
924,2317,0,576
1413,19565,0,576
1426,14635,0,576
1988,19147,0,576
1296,21693,0,576
1806,3182,0,576
131,5595,1,577
887,9036,0,577
1081,21587,1,577
576,21811,0,577
2222,14691,0,577
683,3792,0,577
176,5328,0,577
742,10727,0,577
1508,10549,0,578
2305,5250,0,578
611,12403,0,578
1060,6740,0,578
787,8779,0,578
1839,5349,0,578
219,14613,0,578
1863,6772,0,578
615,11341,0,579
1845,1742,0,579
179,8545,1,579
2284,19451,0,579
621,1159,0,579
912,21382,0,579
693,222,0,579
2475,15182,0,579
2145,6754,0,580
683,9859,0,580
2056,21446,0,580
2078,68,0,580
305,15292,0,580
2001,8208,0,580
1851,843,0,580
742,8764,0,580
525,14463,0,581
2220,17892,0,581
2050,21912,1,581
429,15215,0,581
991,18129,0,581
575,1128,1,581
1695,17603,0,581
2127,11913,0,581
1163,4836,0,582
419,13253,0,582
720,11407,0,582
887,16317,0,582
626,14707,0,582
2372,14557,0,582
2461,13243,1,582
62,15919,0,582
818,979,1,583
1605,18443,0,583
735,12386,0,583
1225,8071,0,583
1257,20125,0,583
822,820,0,583
935,19022,0,583
1257,16333,0,583
1060,21693,0,584
1905,7800,1,584
217,984,0,584
742,14668,0,584
2371,1004,0,584
1119,9465,0,584
626,18165,0,584
1864,21852,0,584
1188,13158,0,585
1995,3878,0,585
1551,4875,0,585
2438,12841,0,585
856,16316,0,585
2149,20723,0,585
1297,1343,0,585
2097,14916,0,585
594,8687,0,586
2211,2723,0,586
814,18151,0,586
1815,17249,0,586
1850,7857,0,586
2510,3615,0,586
737,19569,0,586
1257,820,0,586
2407,15938,0,587
614,22045,1,587
893,11620,1,587
1413,118,0,587
681,7783,0,587
1711,20801,0,587
1194,6968,0,587
22,12640,0,587
588,20108,1,588
1334,6569,0,588
626,18153,0,588
2237,21187,0,588
1537,20343,0,588
2484,10902,0,588
781,17102,0,588
1740,13024,0,588
1699,17898,0,589
1901,8929,0,589
1016,18558,0,589
2237,11284,0,589
1525,4462,0,589
852,8791,0,589
1208,18170,1,589
626,21811,0,589
1007,15673,0,590
276,15426,1,590
722,6459,0,590
639,7371,1,590
1983,10894,0,590
1959,18465,0,590
382,18494,0,590
1833,9593,0,590
1571,6748,0,591
101,4499,0,591
2430,16608,0,591
625,18165,0,591
1699,18049,0,591
182,11396,0,591
629,15701,0,591
1711,17634,0,591
339,3592,0,592
720,19371,0,592
1888,2789,0,592
64,14520,0,592
1073,14418,0,592
636,3592,0,592
266,8908,0,592
19,17752,0,592
895,8479,0,593
2014,11740,1,593
2297,14691,0,593
1699,13499,0,593
1132,20125,0,593
1718,12846,0,593
434,20211,0,593
497,3071,0,593
594,11307,0,594
131,1642,0,594
561,18443,0,594
1689,18966,0,594
2082,10747,0,594
2166,18645,0,594
1995,3172,0,594
70,7758,0,594
1394,19580,1,595
691,17947,0,595
627,11014,0,595
889,4209,0,595
2365,14525,0,595
742,6729,0,595
1879,7976,0,595
122,3710,0,595
2263,6961,0,596
887,2815,0,596
2389,19011,0,596
925,10251,0,596
327,20715,0,596
741,3534,0,596
852,286,0,596
1060,14680,0,596
1652,14384,1,597
2395,2579,0,597
101,2593,1,597
852,21811,0,597
973,21568,1,597
199,3535,0,597
419,4019,0,597
2251,7167,0,597
1294,6262,0,598
1600,17858,0,598
1178,8236,0,598
519,8344,0,598
660,467,0,598
1522,1025,1,598
2322,1113,0,598
1418,19569,0,598
1716,17396,1,599
53,18153,0,599
1178,21566,0,599
1123,17358,0,599
1927,3276,0,599
983,18364,1,599
1016,13520,0,599
2472,18165,0,599
2481,3596,0,600
912,7767,0,600
1349,19977,0,600
1886,21417,0,600
1406,12301,0,600
1992,5207,0,600
1689,5498,0,600
1577,13540,1,600
1426,12714,0,601
70,16125,0,601
1342,13308,0,601
1660,11172,1,601
2272,6386,0,601
925,21876,0,601
2349,12226,0,601
869,2103,0,601
1711,17607,0,602
2504,21566,0,602
1145,13786,0,602
41,18719,0,602
2260,21872,0,602
2475,19908,0,602
2130,15842,0,602
2163,8468,0,602
2394,5215,0,603
2305,21952,0,603
1695,18240,0,603
1145,14755,0,603
1959,13427,0,603
1246,18358,0,603
2284,18186,0,603
898,11225,0,603
353,4711,0,604
2422,699,0,604
433,12366,0,604
2180,16342,0,604
1437,7022,0,604
280,16320,0,604
2265,15387,0,604
998,7266,0,604
1601,16455,0,605
2438,12840,0,605
2504,18444,0,605
34,3067,1,605
237,20434,0,605
1178,12474,0,605
2094,13088,0,605
626,8791,0,605
2542,5136,0,606
1483,8545,0,606
195,11254,0,606
1699,17936,0,606
2154,15176,0,606
2389,2825,0,606
1727,14918,1,606
541,4924,0,606
1771,235,1,607
2535,2839,0,607
661,7973,0,607
1178,8786,0,607
2284,18187,0,607
967,16608,0,607
665,14686,0,607
1959,21811,0,607
1246,2985,0,608
1246,7944,0,608
986,6669,1,608
1863,12818,0,608
428,4976,0,608
2357,15883,0,608
2507,19869,0,608
1605,14707,0,608
2391,14949,0,609
1560,19669,1,609
1536,12464,0,609
2097,6968,0,609
660,6362,0,609
1728,10151,0,609
509,1797,0,609
2475,21462,0,609
2191,13888,0,610
2428,8459,0,610
1209,1609,0,610
1927,5328,0,610
249,21092,0,610
2079,12023,0,610
576,18465,0,610
1062,14644,0,610
2220,6750,0,611
117,15295,0,611
2476,20149,0,611
429,3273,1,611
555,18712,0,611
898,5302,0,611
760,5419,0,611
1933,147,0,611
2394,21844,0,612
852,9734,0,612
2128,18103,0,612
271,15139,0,612
2150,3811,0,612
965,2807,0,612
688,8841,0,612
2517,10730,0,612
895,12463,1,613
1861,17193,0,613
2471,6743,0,613
353,12764,0,613
176,9253,0,613
1959,18152,0,613
1060,805,0,613
700,19011,0,613
1385,17914,0,614
1210,14012,0,614
2089,12657,0,614
1673,15265,0,614
911,12906,0,614
1132,21693,0,614
166,21693,0,614
2404,16729,0,614
1656,21979,0,615
1404,18622,0,615
2077,13916,0,615
278,18151,0,615
1007,155,0,615
1701,16455,0,615
2037,549,0,615
1242,6398,0,615
960,16173,0,616
539,1564,0,616
2220,806,0,616
2538,9392,0,616
2361,805,0,616
765,7441,0,616
822,17203,0,616
1153,9236,0,616
949,7361,0,617
2293,14511,0,617
1145,12851,0,617
1443,8301,0,617
2119,686,0,617
121,15906,0,617
1132,805,0,617
1511,4521,0,617
1539,4756,1,618
1957,19902,0,618
481,20817,0,618
1609,2509,1,618
1129,19249,0,618
612,14691,0,618
771,11539,0,618
2543,2533,1,618
222,5730,0,619
928,19902,0,619
599,12995,0,619
542,15084,0,619
1316,13912,0,619
557,6498,0,619
2311,14868,0,619
25,1034,0,619
1205,8313,0,620
337,11148,0,620
2394,13250,0,620
965,8775,0,620
1149,9531,0,620
353,10730,0,620
2371,10925,0,620
1611,114,0,620
1656,799,0,621
1348,6603,0,621
500,12544,1,621
664,11618,0,621
1132,14680,0,621
201,5535,0,621
2389,6740,0,621
1016,18495,0,621
2017,21674,0,622
310,2805,0,622
1641,20292,0,622
1246,20140,0,622
1462,16833,0,622
2051,19554,0,622
2391,21694,0,622
998,13255,0,622
896,6512,0,623
101,8601,0,623
1927,1284,0,623
222,17534,1,623
316,6417,0,623
2326,19268,1,623
1810,2729,0,623
1956,17084,0,623
22,20961,0,624
1435,3328,0,624
1172,18585,0,624
576,10751,0,624
1129,21802,0,624
2395,2584,0,624
228,18020,0,624
793,4044,0,624
2254,10245,0,625
2069,21698,0,625
2149,12851,0,625
2483,11841,1,625
1536,4044,0,625
1301,1653,0,625
1866,9388,0,625
564,17673,0,625
1060,6743,0,626
878,11077,0,626
53,14680,0,626
1852,1527,0,626
2365,18679,0,626
1481,4162,1,626
893,7594,0,626
1405,21757,0,626
1565,7775,0,627
2475,19352,0,627
1405,21423,0,627
214,14694,0,627
887,21955,0,627
2405,1035,0,627
22,17391,0,627
737,5936,0,627
2002,9004,0,628
577,9160,0,628
852,805,0,628
281,20993,0,628
102,5734,0,628
281,60,0,628
1169,13308,0,628
683,1850,0,628
1296,805,0,629
1560,9025,0,629
2000,12250,0,629
1695,17929,0,629
1466,11923,0,629
1796,14540,0,629
2055,5126,0,629
1631,21961,0,629
1225,4044,0,630
753,15310,0,630
148,18936,1,630
742,19280,0,630
970,20732,0,630
1507,6692,0,630
159,9709,1,630
2082,6998,0,630
1483,10144,0,631
922,3536,0,631
626,17892,0,631
681,21112,0,631
2069,21591,0,631
136,613,0,631
1382,18155,0,631
1536,8071,0,631
1651,20140,0,632
2326,11731,0,632
2260,9795,0,632
2405,9009,0,632
814,802,0,632
1708,16651,0,632
2538,6192,0,632
1301,11263,0,632
1933,13159,0,633
2069,11129,0,633
2305,8576,0,633
23,11991,0,633
967,8791,0,633
397,2949,0,633
466,20995,0,633
626,820,0,633
1070,18620,1,634
215,20078,0,634
376,19910,0,634
1761,4576,1,634
626,18444,0,634
2535,826,0,634
2179,18387,1,634
238,14451,0,634
557,1610,0,635
1761,2669,0,635
774,6952,0,635
1315,7783,1,635
2496,12024,1,635
896,854,0,635
2412,6401,0,635
974,10336,0,635
1235,14157,0,636
1067,16910,0,636
625,17203,0,636
32,6751,0,636
1768,7940,0,636
616,21190,0,636
397,957,0,636
1265,6412,0,636
1653,20784,0,637
700,2819,0,637
988,1749,0,637
904,9945,0,637
1686,11271,0,637
1267,1986,0,637
1711,18814,0,637
417,16333,0,637
214,8788,0,638
1145,871,0,638
95,1037,0,638
2149,8841,0,638
1528,250,0,638
178,20725,0,638
1966,10566,0,638
353,10729,0,638
1975,8180,1,639
1418,4752,0,639
636,8730,0,639
1284,13307,0,639
735,6362,0,639
1423,5571,0,639
257,13913,0,639
2002,4953,0,639
1905,5775,0,640
1549,15877,0,640
1169,1337,0,640
573,17558,0,640
40,12795,0,640
1338,16627,0,640
2472,820,0,640
934,13149,0,640
1672,4988,0,641
421,16820,0,641
960,10822,0,641
1229,2613,0,641
1861,18357,1,641
417,20429,0,641
1178,286,0,641
1893,7128,0,641
1366,5955,0,642
1699,16823,0,642
1424,4419,0,642
2472,21693,0,642
53,19011,0,642
1550,11325,0,642
794,21380,0,642
1242,11074,0,642
765,20239,0,643
2332,286,0,643
1779,9712,0,643
700,12781,0,643
201,9573,0,643
53,16598,0,643
688,14755,0,643
58,3549,0,643
944,12226,0,644
1504,4817,1,644
354,21296,0,644
1525,12543,1,644
2090,7295,0,644
759,14294,0,644
1701,17726,0,644
547,3301,0,644
2361,8786,0,645
1323,5249,0,645
1822,16798,0,645
1153,9239,0,645
1504,17420,0,645
2332,18165,0,645
1893,7126,0,645
823,10489,0,645
176,954,0,646
874,5644,1,646
1405,14177,0,646
1753,18340,0,646
561,18200,0,646
90,14402,0,646
88,18980,1,646
1169,15293,0,646
95,4953,0,647
1294,11988,0,647
2283,3707,0,647
1067,18151,0,647
2130,13856,0,647
313,8870,1,647
1178,2818,0,647
1016,17237,0,647
1188,3878,0,648
2546,16317,0,648
1119,3471,1,648
1864,11365,0,648
822,17892,0,648
2371,12980,0,648
2318,13035,0,648
2128,16274,0,648
181,3981,0,649
1154,3271,0,649
1405,772,0,649
1813,13242,0,649
792,8849,0,649
453,4892,1,649
65,21591,0,649
1468,10592,0,649
108,1311,0,650
246,13589,1,650
1695,18239,0,650
1564,12943,0,650
898,3348,0,650
2337,13186,0,650
625,21566,0,650
1605,18444,0,650
1870,12879,0,651
32,21322,0,651
199,5511,1,651
1400,18727,1,651
2538,10251,0,651
2328,17215,0,651
862,5782,1,651
53,14707,0,651
348,1190,0,652
1994,11433,0,652
1132,6740,0,652
1296,820,0,652
571,1341,0,652
2158,9026,1,652
1995,7147,0,652
41,10808,0,652
576,806,0,653
1060,16598,0,653
509,3756,0,653
382,19438,0,653
260,20837,0,653
1178,14701,0,653
1933,7138,0,653
1959,17892,0,653
244,2821,0,654
887,10741,0,654
2085,14128,0,654
1393,16923,0,654
683,18852,0,654
2332,16608,0,654
2126,21636,0,654
1060,18165,0,654
1443,385,0,655
2296,21820,0,655
215,14565,0,655
405,11922,0,655
348,1187,0,655
1064,21924,0,655
2149,12847,0,655
1209,3697,0,655
1247,14077,0,656
2504,16608,0,656
1334,10550,0,656
2488,5635,1,656
1257,2819,0,656
2504,6751,0,656
2220,805,0,656
2471,801,0,656
64,2487,0,657
1258,6742,0,657
2260,11771,0,657
2510,1060,0,657
557,10861,0,657
2192,10942,0,657
889,14679,0,657
2305,7693,0,657
585,19031,0,658
1963,6961,1,658
561,18153,0,658
787,4739,0,658
688,12851,0,658
896,15545,0,658
735,2651,0,658
2422,3371,0,658
765,11288,0,659
2389,8786,0,659
1218,8160,0,659
1226,5477,0,659
265,20891,0,659
480,14229,0,659
333,16617,0,659
935,9896,0,659
1131,11691,0,660
2517,8763,0,660
671,17577,0,660
2465,7366,0,660
823,6746,0,660
73,20324,0,660
576,17846,0,660
2006,7708,0,660
1188,9142,0,661
387,1160,0,661
125,4861,0,661
99,4526,0,661
2365,6569,0,661
172,14392,0,661
636,6681,0,661
1994,4867,0,661
1711,16900,0,662
41,2888,0,662
627,8788,0,662
1621,16058,1,662
2150,21343,1,662
69,1661,0,662
992,1342,0,662
2021,17788,0,662
1532,11014,0,663
2412,6115,0,663
1016,14346,0,663
921,2449,0,663
1260,10755,0,663
484,21912,0,663
1979,12919,0,663
1779,760,0,663
1805,9613,0,664
469,17498,0,664
1136,18031,0,664
2541,3296,0,664
1864,21612,0,664
988,17858,0,664
122,15661,0,664
1525,710,0,664
2405,6972,0,665
2393,10368,0,665
1257,18200,0,665
2123,19410,0,665
2305,19231,0,665
1601,20217,0,665
1447,8947,0,665
2322,8708,0,665
1218,15268,0,666
1382,14492,0,666
557,21998,0,666
1294,13944,0,666
794,19669,0,666
219,14614,0,666
998,5211,0,666
66,1708,0,666
1833,19652,0,667
1594,4395,0,667
753,4858,0,667
1390,16162,0,667
757,12380,0,667
1806,16932,0,667
13,12080,0,667
2332,17203,0,667
1812,6324,0,668
1260,20314,0,668
2069,8809,0,668
887,19779,0,668
2349,12227,0,668
1959,6743,0,668
1921,10301,0,668
2504,18465,0,668
417,19011,0,669
1229,6427,0,669
2229,12848,0,669
2082,11013,0,669
462,14701,0,669
1939,19880,0,669
955,4702,1,669
2126,21964,0,669
2332,18465,0,670
1418,826,0,670
1621,17600,0,670
1468,10148,0,670
1365,16173,0,670
1502,9913,0,670
1835,5151,0,670
41,18720,0,670
2341,13095,0,671
665,12785,0,671
996,2750,1,671
2191,10473,0,671
1228,11499,0,671
243,7799,0,671
1939,18466,0,671
1699,17276,0,671
1484,21490,0,672
2507,7055,0,672
2395,2580,0,672
537,12774,0,672
935,21129,0,672
219,8696,1,672
852,20125,0,672
1699,17615,0,672
253,14131,0,673
1530,12831,0,673
1502,5842,0,673
2504,20121,0,673
2365,8617,0,673
182,15920,0,673
1338,19981,0,673
2090,19352,0,673
2052,2300,0,674
611,467,0,674
1701,17546,0,674
1578,3323,1,674
1132,9734,0,674
1498,19394,0,674
2090,9283,0,674
1660,15139,0,674
700,20715,0,675
1483,7538,0,675
1370,5172,1,675
2331,3290,0,675
1424,8192,1,675
636,5325,0,675
1354,9846,0,675
2405,14930,0,675
1062,13373,0,676
2296,14791,0,676
2430,8791,0,676
576,18153,0,676
1132,4728,0,676
2549,14193,0,676
56,6396,0,676
790,19691,0,676
1699,17874,0,677
1225,15996,0,677
950,15942,1,677
178,10843,0,677
1282,11195,0,677
1129,19793,0,677
822,17837,0,677
639,14055,0,677
2149,12850,0,678
2361,9734,0,678
2538,8246,0,678
1429,1304,0,678
388,7116,0,678
2361,4728,0,678
2101,7931,0,678
225,6587,0,678
684,17573,1,679
889,2790,0,679
2018,20768,0,679
563,18915,1,679
1978,2278,0,679
2544,18025,0,679
1060,806,0,679
2283,11706,0,679
558,5883,1,680
1552,9156,1,680
1987,10905,1,680
2322,8450,0,680
248,14898,0,680
2222,14686,0,680
1132,801,0,680
2293,4520,0,680
72,6043,0,681
1106,8827,0,681
626,20121,0,681
1860,3973,0,681
2349,10251,0,681
759,6310,0,681
2504,17892,0,681
1425,14644,0,681
1983,8933,0,682
1060,18153,0,682
1718,4780,0,682
1718,874,0,682
2089,4587,0,682
2272,14657,0,682
1354,17577,0,682
598,14091,0,682
1125,6212,0,683
949,9368,0,683
25,1038,0,683
853,2826,0,683
1342,9324,0,683
2336,16442,0,683
2033,644,0,683
1225,12059,0,683
1631,15087,0,684
1534,3120,0,684
70,13714,0,684
542,15021,0,684
1462,17412,0,684
2465,21734,0,684
1067,17184,0,684
417,806,0,684
2021,17374,1,685
73,6997,0,685
1338,17543,1,685
1511,6551,0,685
226,15314,0,685
79,2306,0,685
1229,1628,0,685
570,5426,0,685
320,2269,0,686
967,8786,0,686
2517,10729,0,686
594,11254,0,686
53,12781,0,686
2112,12785,0,686
73,3035,0,686
822,2819,0,686
2180,18651,0,687
2342,2270,0,687
1211,17850,0,687
960,14487,0,687
130,6836,0,687
501,20182,0,687
617,14462,0,687
1354,18863,0,687
353,14169,0,688
2297,6748,0,688
1695,16651,0,688
166,18444,0,688
1705,2758,0,688
1344,2139,0,688
723,9675,1,688
896,5250,0,688
1016,18186,0,689
1530,18217,0,689
1502,18895,0,689
337,16323,0,689
1983,12950,0,689
226,10098,0,689
1074,20740,1,689
2431,19010,0,689
2152,8414,0,690
1067,20067,0,690
40,4730,0,690
1048,21010,0,690
973,2840,0,690
973,19569,0,690
2208,3468,0,690
924,10277,0,690
1190,21563,0,691
2431,21936,0,691
1197,4,0,691
1630,10852,0,691
2497,19525,1,691
900,20993,0,691
327,6742,0,691
1793,9737,0,691
1145,2872,0,692
2216,8570,0,692
1699,289,0,692
576,20429,0,692
2147,14228,0,692
565,17702,0,692
284,2683,0,692
2272,12421,0,692
2220,8236,0,693
1429,7206,0,693
2002,19591,0,693
1073,14421,0,693
2144,6745,0,693
2224,14701,0,693
2483,15781,0,693
896,3276,0,693
1475,15682,0,694
992,5118,0,694
2305,951,0,694
1653,7552,0,694
1132,16333,0,694
226,7131,0,694
2449,3466,0,694
2293,4525,0,694
2504,8236,0,695
546,12697,0,695
101,1978,0,695
56,20182,0,695
1654,5414,0,695
693,8065,0,695
315,7705,1,695
742,12769,0,695
2349,335,0,696
1136,16963,0,696
1706,17026,1,696
1711,17898,0,696
2260,5737,0,696
1536,10087,0,696
688,6797,0,696
1508,14531,0,696
22,1347,0,697
19,11239,0,697
1241,17237,0,697
2472,20429,0,697
1016,18821,0,697
1532,22071,0,697
683,9853,0,697
950,19173,0,697
2479,10669,1,698
417,6740,0,698
244,14686,0,698
688,4715,0,698
684,15210,0,698
65,9137,0,698
2476,14883,0,698
670,15888,0,698
226,7665,0,699
719,8319,0,699
994,3296,0,699
576,16608,0,699
1761,10602,0,699
19,3060,0,699
547,1317,0,699
573,17889,0,699
219,732,0,700
356,9139,0,700
1354,11519,0,700
660,18935,0,700
1952,5708,0,700
1133,10754,0,700
25,6981,0,700
1296,18507,0,700
2394,21057,0,701
1229,9645,0,701
944,2280,0,701
573,16964,0,701
342,9326,0,701
1983,20729,0,701
2365,5628,0,701
2405,8669,0,701
1344,21729,0,702
278,5349,0,702
417,20125,0,702
883,4976,0,702
1484,20496,0,702
2476,6955,1,702
1673,13281,0,702
2080,16295,1,702
869,4100,0,703
2371,10923,1,703
2449,1477,0,703
2225,14657,0,703
2293,21146,0,703
627,14694,0,703
634,19840,0,703
1509,5274,0,703
968,15233,0,704
1608,7259,0,704
2461,7243,0,704
148,16350,1,704
2430,4728,0,704
1242,21061,0,704
1511,21680,0,704
2002,20448,0,704
1531,17124,0,705
1430,3393,0,705
2264,19564,0,705
1088,16129,0,705
672,9253,0,705
2430,18200,0,705
1289,20260,0,705
2548,3616,0,705
495,5799,0,706
1879,625,0,706
333,1749,0,706
1067,19780,0,706
576,19283,0,706
2276,12760,1,706
417,17203,0,706
1837,7433,0,706
2126,7015,0,707
572,733,0,707
1344,19124,0,707
688,10785,0,707
2424,15664,0,707
1673,11275,0,707
2126,15649,0,707
684,10813,0,707
1508,19514,1,708
22,16363,0,708
2517,2793,0,708
626,17837,0,708
2390,9288,0,708
1532,11013,0,708
1438,1841,0,708
896,2948,0,708
626,14687,0,709
457,2035,0,709
1509,20731,0,709
1668,12656,0,709
429,11237,0,709
975,13414,0,709
67,14615,0,709
490,5529,0,709
2051,20778,0,710
693,12610,0,710
805,14293,0,710
58,1571,0,710
1413,4209,0,710
382,12584,0,710
2085,21168,0,710
2405,6980,0,710
688,873,0,711
481,14852,0,711
2265,8468,0,711
793,8071,0,711
557,12534,0,711
626,20429,0,711
584,4868,0,711
978,20224,0,711
2517,19565,0,712
451,17056,0,712
1959,2819,0,712
1961,8373,0,712
2405,4963,0,712
2523,10365,1,712
1839,16597,0,712
194,6876,1,712
2297,10746,0,713
1592,1251,0,713
1440,669,0,713
2504,13427,0,713
79,18557,0,713
879,7032,0,713
797,6508,1,713
1315,2853,0,713
856,17381,0,714
1805,11592,0,714
1621,16628,0,714
2504,20715,0,714
95,10966,1,714
781,18203,0,714
625,16598,0,714
1077,9088,0,714
1966,10568,0,715
912,5732,0,715
1707,19521,0,715
389,16342,0,715
967,17203,0,715
934,698,0,715
126,21663,0,715
1647,16428,0,715
2126,8868,0,716
166,6740,0,716
625,304,0,716
399,21559,0,716
1560,20743,0,716
1927,19231,0,716
2260,11763,0,716
1863,6771,0,716
2536,12333,1,717
102,21109,0,717
522,14014,1,717
2546,16597,0,717
65,3176,0,717
2371,6949,0,717
1699,18205,0,717
1367,3647,0,717
1391,4885,0,718
792,6397,0,718
217,9332,0,718
625,17846,0,718
1581,16040,0,718
545,9656,0,718
1413,2790,0,718
576,2819,0,718
1844,20809,0,719
576,304,0,719
159,13652,0,719
915,20607,0,719
2220,18465,0,719
1891,15304,1,719
352,17173,0,719
351,10048,1,719
215,8643,0,720
2092,1862,0,720
1549,7953,0,720
1197,15282,0,720
2472,18153,0,720
79,19451,0,720
1934,19942,0,720
1241,18495,0,720
421,21667,0,721
656,10559,0,721
40,14694,0,721
617,4475,0,721
1296,18465,0,721
1647,20800,0,721
1298,8455,1,721
1129,12648,0,721
58,3547,0,722
1683,744,0,722
2031,11752,0,722
757,2407,0,722
884,17167,0,722
1153,13244,0,722
887,8784,0,722
2048,14694,0,722
526,6892,0,723
1932,6200,0,723
1413,8764,0,723
1334,6567,0,723
2235,7222,0,723
700,14707,0,723
1737,12280,0,723
2361,17561,0,723
1955,16511,0,724
2293,6551,0,724
993,10754,0,724
978,17238,0,724
417,16608,0,724
1145,4787,1,724
2090,5234,0,724
1418,20654,0,724
925,21757,1,725
1571,14949,0,725
2305,8575,0,725
757,2408,0,725
588,14898,0,725
1246,15310,0,725
909,19227,0,725
2469,21713,0,725
1294,14247,0,726
922,11537,0,726
1520,8559,0,726
2021,17451,1,726
388,1450,1,726
816,12327,0,726
932,16316,0,726
683,5787,0,726
2368,15351,1,727
2027,15977,0,727
226,18895,0,727
1931,1257,0,727
145,10615,0,727
625,286,0,727
2374,6183,0,727
814,2813,0,727
670,8590,0,728
2020,18444,0,728
1536,10529,0,728
2260,21382,0,728
1121,9717,0,728
1689,17874,0,728
1178,14687,0,728
1959,17203,0,728
353,12765,0,729
187,14758,0,729
1237,21921,0,729
2094,8795,0,729
771,5517,1,729
1564,6913,0,729
1502,7665,0,729
1354,6500,0,729
856,18151,0,730
1931,15182,0,730
2342,639,0,730
525,4474,0,730
330,13536,0,730
25,14920,0,730
429,13256,0,730
2216,15884,0,730
1790,19800,1,731
1979,10870,0,731
1959,806,0,731
475,12745,0,731
1014,7029,0,731
2305,4470,0,731
166,17561,0,731
1686,20038,1,731
986,4642,0,732
21,7853,0,732
1443,8288,0,732
289,16709,0,732
1320,884,1,732
886,10752,0,732
2218,17517,0,732
225,6590,0,732
770,618,0,733
2422,1256,0,733
1951,10895,0,733
620,6715,0,733
2469,8314,0,733
1882,5842,0,733
1605,6750,0,733
2412,17188,0,733
572,2727,0,734
1600,16617,0,734
40,15969,0,734
2077,76,0,734
1009,780,1,734
896,3099,0,734
693,4529,0,734
2147,12295,0,734
53,20121,0,735
702,4739,0,735
1688,1349,0,735
117,1338,0,735
2222,2829,0,735
852,18465,0,735
700,18444,0,735
25,20448,0,735
1096,12116,0,736
1875,19224,0,736
1405,10938,0,736
1044,3009,1,736
1910,12617,0,736
417,18444,0,736
185,5930,0,736
1211,267,0,736
2230,10622,0,737
884,17172,0,737
79,18495,0,737
973,836,0,737
709,18742,0,737
2220,304,0,737
672,3546,0,737
852,18443,0,737
1056,8015,0,738
1365,2959,0,738
935,1198,0,738
36,2991,0,738
912,11771,0,738
2349,2279,0,738
489,768,0,738
219,731,0,738
1323,6381,0,739
1605,16608,0,739
342,9324,0,739
1145,10791,0,739
2216,20081,0,739
719,10405,0,739
1594,14395,0,739
529,17879,1,739
2390,14691,0,740
84,5466,0,740
1713,17122,0,740
1739,5607,0,740
570,9470,0,740
1772,7233,0,740
582,8451,0,740
582,9297,0,740
1296,286,0,741
2471,20125,0,741
661,8607,0,741
853,6747,1,741
922,1561,0,741
1942,3468,0,741
2191,8795,0,741
1066,8297,1,741
166,20429,0,742
1805,3593,0,742
172,7297,0,742
2340,3758,1,742
992,14916,0,742
1071,7568,0,742
25,6528,0,742
1454,6759,0,742
1810,20699,0,743
1945,2632,0,743
348,19614,0,743
397,14829,0,743
2322,13152,0,743
979,9553,1,743
742,8775,0,743
1729,10806,0,743
2049,18415,0,744
557,10902,0,744
1809,16320,0,744
2077,20191,0,744
926,4426,1,744
1468,2665,0,744
2216,8319,0,744
2251,3885,0,744
1548,20194,0,745
811,12394,0,745
176,10529,0,745
38,20198,0,745
280,4724,0,745
1738,20132,1,745
561,304,0,745
2211,20417,0,745
462,14690,0,746
2283,1736,0,746
1714,19108,0,746
895,2492,0,746
414,9528,0,746
2438,4769,0,746
1291,19085,0,746
814,17506,0,746
1927,13253,0,747
652,6708,1,747
967,16598,0,747
1816,7233,0,747
1943,15780,1,747
721,10189,0,747
2404,17704,0,747
1060,16608,0,747
144,625,0,748
2405,6981,0,748
2127,16035,0,748
495,19835,0,748
2284,2306,0,748
993,14690,0,748
2112,10744,0,748
1944,18666,0,748
688,4782,0,749
688,18717,0,749
41,10807,0,749
173,1249,1,749
2265,4094,0,749
1927,5249,0,749
1842,14840,0,749
745,11811,0,749
1211,16347,0,750
1606,18687,1,750
2105,10505,0,750
1093,17690,0,750
688,2867,0,750
1365,15247,0,750
1816,20675,0,750
29,15291,0,750
2082,12789,0,751
579,3127,0,751
1809,19779,0,751
1269,10497,0,751
1601,5497,0,751
672,5250,0,751
1218,5268,0,751
2342,641,0,751
25,1033,0,752
1806,8861,0,752
1067,19779,0,752
1626,13619,1,752
2471,12781,0,752
2299,9096,0,752
1141,13254,0,752
1129,2670,0,752
2081,21935,0,753
2018,11230,0,753
1768,15860,0,753
92,14691,0,753
1711,17548,0,753
2441,1609,0,753
1241,20226,0,753
1560,8846,0,753
577,21736,1,754
2071,12822,0,754
1242,2465,1,754
1504,10735,0,754
1241,18558,0,754
97,15904,1,754
822,18152,0,754
1740,17376,0,754
1463,3945,0,755
967,4728,0,755
1882,8255,0,755
1927,19026,1,755
700,21566,0,755
1432,15920,0,755
547,21478,0,755
65,8836,0,755
3,21424,0,756
2349,10199,0,756
565,14482,0,756
15,17364,1,756
541,1002,0,756
1525,11087,0,756
2439,14765,0,756
944,14190,0,756
660,4867,0,757
95,14920,0,757
938,9286,0,757
1169,9326,0,757
1839,17506,0,757
417,12781,0,757
1939,11134,0,757
582,10950,0,757
281,7824,1,758
1516,4797,0,758
310,15836,0,758
896,14736,0,758
2220,17837,0,758
2322,6398,0,758
2507,1093,0,758
101,620,0,758
719,7233,0,759
1257,18465,0,759
2332,18200,1,759
2361,19011,0,759
2360,7249,1,759
165,4732,0,759
348,1188,0,759
1106,8828,0,759
176,7693,0,760
1257,21693,0,760
1226,11499,0,760
208,6710,0,760
1463,7574,0,760
1242,5072,0,760
166,2819,0,760
1377,12161,1,760
1978,15144,0,761
979,20732,0,761
215,2666,0,761
1809,18151,0,761
2361,2819,0,761
1377,11802,0,761
2054,3602,0,761
1508,8617,0,761
2112,14690,0,762
1225,12060,0,762
2090,1301,0,762
2548,4869,0,762
1393,17130,0,762
1845,7712,0,762
688,6799,0,762
2361,801,0,762
1529,4395,0,763
700,9734,0,763
79,17549,0,763
660,12273,0,763
1937,18719,0,763
79,18558,0,763
1631,1185,0,763
446,5774,1,763
1242,1114,0,764
1475,8650,1,764
703,3907,0,764
353,10725,0,764
92,12789,0,764
326,11440,0,764
1959,18507,0,764
1270,7313,0,764
1972,15541,0,765
904,20181,0,765
1167,8422,0,765
1418,4750,0,765
2094,14487,0,765
1405,10251,0,765
1429,8593,0,765
1295,4478,0,765
305,19748,0,766
793,4043,0,766
1169,15294,0,766
943,11353,0,766
2055,15107,0,766
472,15367,1,766
1393,18382,0,766
1296,2819,0,766
1630,8897,0,767
1713,21093,1,767
235,5960,0,767
2322,5072,0,767
2372,10568,0,767
1933,15083,0,767
2457,16274,0,767
225,107,0,767
