,all_text_data,len
0,"[7751, 102, 22953, 4063, 27265, 102]",6
1,"[7751, 102, 3274, 102, 9228, 102]",6
2,"[7751, 102, 3377, 102, 14959, 102]",6
3,"[7751, 102, 10878, 102, 4007, 102]",6
4,"[7751, 102, 4287, 1011, 1037, 1011, 8694, 102, 6786, 102]",10
5,"[7751, 102, 4907, 5753, 102]",5
6,"[7751, 102, 18106, 102]",4
7,"[7751, 102, 16371, 6651, 102, 3834, 102]",7
8,"[7751, 102, 13970, 18715, 2050, 102]",6
9,"[7751, 102, 6373, 102]",4
10,"[7751, 102, 8115, 1011, 2865, 1011, 4297, 102, 1012, 102]",10
11,"[7751, 102, 20364, 9001, 102, 4806, 102]",7
12,"[7751, 102, 7513, 102]",4
13,"[7751, 102, 4773, 3217, 4140, 102, 4007, 102]",8
14,"[7751, 102, 13030, 102, 2458, 102]",6
15,"[7751, 102, 20116, 16409, 102]",5
16,"[7751, 102, 4012, 4502, 4160, 102, 3274, 102]",8
17,"[7751, 102, 12728, 1011, 3001, 1011, 4297, 102, 1012, 102]",10
18,"[7751, 102, 7832, 102, 4024, 102]",6
19,"[7751, 102, 2082, 1011, 4224, 1011, 9123, 102]",8
20,"[7751, 102, 9980, 102, 1011, 102, 1006, 102, 9779, 2361, 1011, 28616, 2278, 1011, 3033, 102, 1007, 102]",18
21,"[7751, 102, 7832, 102, 4024, 102]",6
22,"[7751, 102, 3795, 1011, 4007, 1011, 4640, 102]",8
23,"[7751, 102, 22953, 4063, 27265, 102]",6
24,"[7751, 102, 2358, 25377, 102, 4297, 102]",7
25,"[7751, 102, 7832, 102, 4024, 102]",6
26,"[7751, 102, 18106, 102]",4
27,"[7751, 102, 2033, 1011, 2205, 1011, 4007, 102]",8
28,"[7751, 102, 8991, 1011, 1060, 102]",6
29,"[7751, 102, 19493, 102]",4
30,"[7751, 102, 18106, 102]",4
31,"[7751, 102, 7832, 102, 4024, 102]",6
32,"[7751, 102, 7832, 102, 4024, 102]",6
33,"[7751, 102, 1060, 1011, 1051, 5358, 102]",7
34,"[7751, 102, 11748, 26658, 6199, 102]",6
35,"[7751, 102, 19493, 102]",4
36,"[7751, 102, 2358, 25377, 102, 4297, 102]",7
37,"[7751, 102, 2079, 22036, 1011, 2785, 2545, 3051, 1011, 14959, 102, 1011, 102, 1006, 102, 1040, 2243, 102, 1007, 102]",20
38,"[7751, 102, 21862, 18277, 102]",5
39,"[7751, 102, 1060, 1011, 1051, 5358, 102]",7
40,"[7751, 102, 19493, 102]",4
41,"[7751, 102, 10047, 5332, 102]",5
42,"[7751, 102, 13012, 102, 19962, 24395, 102]",7
43,"[7751, 102, 10047, 5332, 102, 2640, 102]",7
44,"[7751, 102, 7832, 102, 4024, 102]",6
45,"[7751, 102, 7832, 102, 4024, 102]",6
46,"[7751, 102, 7832, 102, 4024, 102]",6
47,"[7751, 102, 7832, 102, 4024, 102]",6
48,"[7751, 102, 7832, 102, 4024, 102]",6
49,"[7751, 102, 7832, 102, 4024, 102]",6
50,"[7751, 102, 24105, 102]",4
51,"[7751, 102, 11748, 26658, 6199, 102]",6
52,"[7751, 102, 7832, 102, 4024, 102]",6
53,"[7751, 102, 8797, 23169, 2290, 102]",6
54,"[7751, 102, 3044, 1011, 12702, 1011, 4007, 102]",8
55,"[7751, 102, 3716, 102, 6172, 102]",6
56,"[7751, 102, 7832, 102, 4024, 102]",6
57,"[7751, 102, 7832, 102, 4024, 102]",6
58,"[7751, 102, 16215, 4160, 102]",5
59,"[7751, 102, 3795, 1011, 4007, 1011, 4640, 102]",8
60,"[7751, 102, 9980, 102]",4
61,"[7751, 102, 3044, 1011, 12702, 1011, 4007, 102]",8
62,"[7751, 102, 2358, 25377, 102, 4297, 102]",7
63,"[7751, 102, 1060, 1011, 1051, 5358, 102]",7
64,"[7751, 102, 7832, 102, 4024, 102]",6
65,"[7751, 102, 7838, 102, 2006, 1011, 2240, 102]",8
66,"[7751, 102, 14910, 5063, 3560, 102, 4024, 102]",8
67,"[7751, 102, 5658, 3351, 2906, 102]",6
68,"[7751, 102, 7513, 102]",4
69,"[7751, 102, 2264, 19650, 102]",5
70,"[7751, 102, 9785, 4402, 4842, 102, 3840, 102]",8
71,"[7751, 102, 2951, 18866, 102]",5
72,"[7751, 102, 19493, 102, 4007, 102]",6
73,"[7751, 102, 7832, 102, 4024, 102]",6
74,"[7751, 102, 6207, 102]",4
75,"[7751, 102, 20383, 2239, 102]",5
76,"[7751, 102, 18106, 102]",4
77,"[7751, 102, 6097, 6499, 6199, 102]",6
78,"[7751, 102, 7861, 2098, 2401, 102]",6
79,"[7751, 102, 3274, 102, 9228, 102]",6
80,"[7751, 102, 7832, 102, 4024, 102]",6
81,"[7751, 102, 2951, 5737, 2480, 102]",6
82,"[7751, 102, 7861, 2098, 2401, 102]",6
83,"[7751, 102, 2288, 102, 2208, 102]",6
84,"[7751, 102, 20116, 16409, 102]",5
85,"[7751, 102, 4339, 102, 3428, 102]",6
86,"[7751, 102, 7861, 2098, 2401, 102]",6
87,"[7751, 102, 7513, 102, 15943, 102]",6
88,"[7751, 102, 2561, 102, 2731, 102]",6
89,"[7751, 102, 8412, 1011, 5541, 1011, 4007, 102]",8
90,"[7751, 102, 4907, 5753, 102]",5
91,"[7751, 102, 11173, 102]",4
92,"[7751, 102, 7619, 102, 4007, 102]",6
93,"[7751, 102, 7513, 102]",4
94,"[7751, 102, 2417, 1011, 19607, 1011, 4024, 102]",8
95,"[7751, 102, 8285, 6155, 2243, 102, 8827, 2290, 102]",9
96,"[7751, 102, 12728, 9628, 102]",5
97,"[7751, 102, 6755, 102, 2399, 102]",6
98,"[7751, 102, 19493, 102, 4007, 102]",6
99,"[7751, 102, 2061, 2015, 1011, 28041, 1011, 2194, 102]",9
100,"[7751, 102, 16371, 6651, 102, 4806, 102, 4297, 1012, 102, 1012, 102]",12
101,"[7751, 102, 6097, 6499, 6199, 102]",6
102,"[7751, 102, 10927, 2078, 15500, 102, 4007, 102]",8
103,"[7751, 102, 20022, 102, 2865, 102]",6
104,"[7751, 102, 4078, 10196, 2121, 102]",6
105,"[7751, 102, 7832, 102, 4024, 102]",6
106,"[7751, 102, 26408, 1011, 3001, 1011, 6960, 102]",8
107,"[7751, 102, 18106, 102]",4
108,"[7751, 102, 3617, 102, 8489, 102]",6
109,"[7751, 102, 7832, 102, 4024, 102]",6
110,"[7751, 102, 2002, 13668, 6582, 102, 24100, 102]",8
111,"[7751, 102, 7832, 102, 4024, 102]",6
112,"[7751, 102, 9666, 8059, 102, 4640, 102]",7
113,"[7751, 102, 7513, 102, 15943, 102]",6
114,"[7751, 102, 20014, 14663, 102, 4297, 1012, 102]",8
115,"[7751, 102, 10927, 2078, 15500, 102]",6
116,"[7751, 102, 1040, 6767, 102, 9926, 102]",7
117,"[7751, 102, 2552, 24607, 102]",5
118,"[7751, 102, 2449, 102, 5200, 102]",6
119,"[7751, 102, 6846, 102, 2458, 102]",6
120,"[7751, 102, 18978, 102]",4
121,"[7751, 102, 7513, 102, 15943, 102]",6
122,"[7751, 102, 3422, 18405, 1011, 6786, 1011, 4297, 102]",9
123,"[7751, 102, 6846, 23809, 102, 3840, 102]",7
124,"[7751, 102, 19493, 102]",4
125,"[7751, 102, 4012, 4502, 4160, 102, 3274, 102]",8
126,"[7751, 102, 4345, 1011, 2118, 1011, 2811, 102]",8
127,"[7751, 102, 6090, 5524, 102, 4297, 1012, 102]",8
128,"[7751, 102, 2002, 13668, 6582, 102, 24100, 102]",8
129,"[7751, 102, 13012, 102, 19962, 24395, 102]",7
130,"[7751, 102, 7513, 102, 15943, 102]",6
131,"[7751, 102, 12702, 13102, 4140, 102, 5183, 1012, 102]",9
132,"[7751, 102, 4907, 5753, 102]",5
133,"[7751, 102, 15581, 8586, 102]",5
134,"[7751, 102, 3795, 102, 5821, 102]",6
135,"[7751, 102, 7513, 102, 4007, 102]",6
136,"[7751, 102, 18106, 102]",4
137,"[7751, 102, 5658, 24805, 3351, 102]",6
138,"[7751, 102, 12728, 9628, 102]",5
139,"[7751, 102, 18106, 102]",4
140,"[7751, 102, 4907, 5753, 102]",5
141,"[7751, 102, 20364, 9001, 102, 4806, 102]",7
142,"[7751, 102, 3274, 102, 9228, 102]",6
143,"[7751, 102, 18106, 102, 3001, 102]",6
144,"[7751, 102, 2310, 17728, 2015, 102]",6
145,"[7751, 102, 7513, 102]",4
146,"[7751, 102, 7513, 102]",4
147,"[7751, 102, 2417, 102, 6045, 102, 4007, 102]",8
148,"[7751, 102, 3274, 102, 9228, 102]",6
149,"[7751, 102, 5830, 15312, 102, 3001, 102]",7
150,"[7751, 102, 21111, 26061, 102, 3001, 102]",7
151,"[7751, 102, 20933, 10422, 102, 12126, 102]",7
152,"[7751, 102, 16371, 6651, 1011, 4806, 1011, 4297, 102, 1012, 102]",11
153,"[7751, 102, 20364, 9001, 102, 4806, 102]",7
154,"[7751, 102, 26408, 102, 3001, 102, 6960, 102]",8
155,"[7751, 102, 7513, 102]",4
156,"[7751, 102, 29347, 2278, 102, 4007, 102]",7
157,"[7751, 102, 18106, 102, 3001, 102, 4297, 102]",8
158,"[7751, 102, 6846, 102, 2458, 102]",6
159,"[7751, 102, 2002, 13668, 6582, 102, 24100, 102]",8
160,"[7751, 102, 12367, 17592, 102]",5
161,"[7751, 102, 5656, 102, 2034, 102]",6
162,"[7751, 102, 3795, 1011, 5821, 1011, 5826, 102]",8
163,"[7751, 102, 6846, 102, 2458, 102]",6
164,"[7751, 102, 11748, 26658, 6199, 102]",6
165,"[7751, 102, 2002, 13668, 6582, 102, 24100, 102]",8
166,"[7751, 102, 14442, 102]",4
167,"[7751, 102, 4013, 6499, 6199, 102, 3330, 102]",8
168,"[7751, 102, 8285, 6155, 2243, 102]",6
169,"[7751, 102, 11588, 102, 1041, 2546, 2595, 102]",8
170,"[7751, 102, 19857, 3489, 102, 6125, 102]",7
171,"[7751, 102, 7513, 102, 15943, 102]",6
172,"[7751, 102, 3274, 102, 9228, 102]",6
173,"[7751, 102, 5658, 24805, 3351, 102]",6
174,"[7751, 102, 6187, 102, 1051, 6633, 102]",7
175,"[7751, 102, 9785, 4402, 4842, 102, 3840, 102]",8
176,"[7751, 102, 7832, 102, 4024, 102]",6
177,"[7751, 102, 21689, 102, 4024, 102]",6
178,"[7751, 102, 2079, 22036, 1011, 2785, 2545, 3051, 1011, 14959, 102, 1011, 102, 1006, 102, 1040, 2243, 102, 1007, 102]",20
179,"[7751, 102, 3274, 102, 9228, 102]",6
180,"[7751, 102, 16371, 6651, 1011, 4806, 1011, 4297, 102, 1012, 102]",11
181,"[7751, 102, 7861, 2098, 2401, 102]",6
182,"[7751, 102, 8115, 1011, 2865, 1011, 4297, 102, 1012, 102]",10
183,"[7751, 102, 3716, 102, 6172, 102]",6
184,"[7751, 102, 2449, 102, 5200, 102]",6
185,"[7751, 102, 23824, 102, 2458, 102]",6
186,"[7751, 102, 7832, 1011, 4024, 1011, 4007, 102, 1011, 102, 1006, 102, 9530, 5332, 16206, 3672, 102, 1007, 102]",19
187,"[7751, 102, 18106, 102]",4
188,"[7751, 102, 1041, 13820, 2015, 102, 9123, 102]",8
189,"[7751, 102, 8945, 18324, 102, 2248, 102]",7
190,"[7751, 102, 2003, 2072, 102, 2470, 6499, 6199, 102]",9
191,"[7751, 102, 3422, 18405, 102, 6786, 102, 4297, 102]",9
192,"[7751, 102, 2327, 8059, 102, 9123, 102]",7
193,"[7751, 102, 25353, 2386, 26557, 102, 3840, 102, 1012, 102]",10
194,"[7751, 102, 2002, 13668, 6582, 102, 24100, 102]",8
195,"[7751, 102, 21689, 102, 4024, 102]",6
196,"[7751, 102, 6819, 8159, 4305, 102]",6
197,"[7751, 102, 12728, 102, 3001, 102, 4297, 1012, 102, 1012, 102]",11
198,"[7751, 102, 16371, 6651, 102, 4806, 102, 4297, 1012, 102]",10
199,"[7751, 102, 5658, 24805, 3351, 102]",6
200,"[7751, 102, 3422, 18405, 102, 6786, 102, 4297, 102]",9
201,"[7751, 102, 2310, 17728, 2015, 102]",6
202,"[7751, 102, 18798, 16059, 102]",5
203,"[7751, 102, 13030, 102, 2458, 102, 13058, 102]",8
204,"[7751, 102, 26408, 102, 3001, 102, 6960, 102]",8
205,"[7751, 102, 19931, 2140, 102]",5
206,"[7751, 102, 2002, 13668, 6582, 102, 24100, 102]",8
207,"[7751, 102, 2449, 102, 5200, 102]",6
208,"[7751, 102, 19411, 102, 6786, 102]",6
209,"[7751, 102, 9980, 102]",4
210,"[7751, 102, 9686, 5484, 102]",5
211,"[7751, 102, 7513, 102]",4
212,"[7751, 102, 9785, 4402, 4842, 102, 3840, 102]",8
213,"[7751, 102, 5658, 24805, 3351, 102]",6
214,"[7751, 102, 3422, 18405, 102, 6786, 102, 4297, 102]",9
215,"[7751, 102, 5658, 24805, 3351, 102]",6
216,"[7751, 102, 18106, 102]",4
217,"[7751, 102, 26408, 102, 3001, 102, 6960, 102]",8
218,"[7751, 102, 7513, 102, 3840, 102]",6
219,"[7751, 102, 3274, 102, 9228, 102]",6
220,"[7751, 102, 19411, 102, 6786, 102]",6
221,"[7751, 102, 3422, 18405, 102, 6105, 102]",7
222,"[7751, 102, 26007, 102]",4
223,"[7751, 102, 25353, 2386, 26557, 102]",6
224,"[7751, 102, 5658, 24805, 3351, 102]",6
225,"[7751, 102, 7513, 102]",4
226,"[7751, 102, 2003, 2072, 102, 2470, 6499, 6199, 102]",9
227,"[7751, 102, 8025, 102, 13625, 102, 4297, 1012, 102]",9
228,"[7751, 102, 7513, 102, 15943, 102]",6
229,"[7751, 102, 10927, 2078, 15500, 102]",6
230,"[7751, 102, 3274, 102, 9228, 102]",6
231,"[7751, 102, 2002, 13668, 6582, 102, 24100, 102]",8
232,"[7751, 102, 22953, 4063, 27265, 102]",6
233,"[7751, 102, 6846, 102, 2458, 102]",6
234,"[7751, 102, 3795, 102, 5821, 102, 5826, 102]",8
235,"[7751, 102, 16371, 6651, 102, 4806, 102, 4297, 1012, 102]",10
236,"[7751, 102, 3795, 102, 5821, 102, 5826, 102]",8
237,"[7751, 102, 2566, 6499, 6199, 102]",6
238,"[7751, 102, 3274, 102, 9228, 102]",6
239,"[7751, 102, 10047, 5332, 102]",5
240,"[7751, 102, 13030, 102, 2458, 102, 13058, 102]",8
241,"[7751, 102, 5939, 8943, 2571, 102, 2160, 102]",8
242,"[7751, 102, 13030, 102, 2458, 102, 13058, 102]",8
243,"[7751, 102, 7513, 102]",4
244,"[7751, 102, 7513, 102]",4
245,"[7751, 102, 2552, 24607, 102]",5
246,"[7751, 102, 7513, 102, 15943, 102]",6
247,"[7751, 102, 5658, 24805, 3351, 102]",6
248,"[7751, 102, 7513, 102, 4007, 102]",6
249,"[7751, 102, 16371, 6651, 102, 4806, 102, 4297, 1012, 102]",10
250,"[7751, 102, 18106, 102]",4
251,"[7751, 102, 7513, 102, 4007, 102]",6
252,"[7751, 102, 2358, 25377, 6499, 6199, 102, 4297, 1012, 102]",10
253,"[7751, 102, 5371, 8571, 102]",5
254,"[7751, 102, 3422, 18405, 102, 6786, 102, 4297, 102]",9
255,"[7751, 102, 9785, 4402, 4842, 102, 3840, 102]",8
256,"[7751, 102, 7838, 102, 2188, 102]",6
257,"[7751, 102, 3274, 102, 9228, 102]",6
258,"[7751, 102, 7513, 102]",4
259,"[7751, 102, 6846, 23809, 102, 3840, 102]",7
260,"[7751, 102, 26408, 102, 3001, 102, 6960, 102]",8
261,"[7751, 102, 2002, 13668, 6582, 102, 24100, 102]",8
262,"[7751, 102, 2002, 13668, 6582, 1011, 24100, 102, 1011, 102, 1006, 102, 9530, 17421, 3085, 2015, 102, 1007, 102]",19
263,"[7751, 102, 25353, 2386, 26557, 102]",6
264,"[7751, 102, 18106, 102]",4
265,"[7751, 102, 18106, 102]",4
266,"[7751, 102, 4563, 2140, 102]",5
267,"[7751, 102, 18106, 102]",4
268,"[7751, 102, 3795, 1011, 4007, 1011, 4640, 102]",8
269,"[7751, 102, 7513, 102]",4
270,"[7751, 102, 18106, 102]",4
271,"[7751, 102, 7513, 102, 4007, 102]",6
272,"[7751, 102, 18106, 102]",4
273,"[7751, 102, 20014, 14663, 102]",5
274,"[7751, 102, 7832, 102, 4024, 102]",6
275,"[7751, 102, 8115, 16969, 102]",5
276,"[7751, 102, 7832, 102, 4024, 102]",6
277,"[7751, 102, 4083, 102, 2194, 102]",6
278,"[7751, 102, 7832, 102, 4024, 102]",6
279,"[7751, 102, 22953, 4063, 27265, 102]",6
280,"[7751, 102, 1041, 13820, 2015, 102, 9123, 102]",8
281,"[7751, 102, 7276, 16969, 102, 4024, 102]",7
282,"[7751, 102, 7832, 102, 4024, 102]",6
283,"[7751, 102, 18978, 102]",4
284,"[7751, 102, 9033, 8671, 4173, 1011, 4007, 1011, 5183, 102, 1012, 102]",12
285,"[7751, 102, 9666, 8059, 102, 4640, 102]",7
286,"[7751, 102, 2026, 6499, 6199, 8059, 102, 2194, 102]",9
287,"[7751, 102, 9033, 8671, 4173, 1011, 4007, 1011, 5183, 102, 1012, 102]",12
288,"[7751, 102, 18558, 13113, 2229, 102]",6
289,"[7751, 102, 8412, 1011, 4620, 1011, 3617, 1011, 4024, 102]",10
290,"[7751, 102, 9944, 28014, 102, 9123, 102]",7
291,"[7751, 102, 27034, 15794, 102, 4640, 102]",7
292,"[7751, 102, 15125, 3597, 102, 2678, 102, 2399, 102]",9
293,"[7751, 102, 4083, 102, 2194, 102]",6
294,"[7751, 102, 1040, 2243, 102]",5
295,"[7751, 102, 19493, 102, 4007, 102]",6
296,"[7751, 102, 3968, 10665, 102]",5
297,"[7751, 102, 27034, 15794, 102, 4640, 102]",7
298,"[7751, 102, 7832, 102, 4024, 102]",6
299,"[7751, 102, 10017, 102, 10877, 102]",6
300,"[7751, 102, 6819, 8159, 4305, 102, 2399, 102]",8
301,"[7751, 102, 19493, 102, 4007, 102]",6
302,"[7751, 102, 18978, 102]",4
303,"[7751, 102, 2552, 24607, 102]",5
304,"[7751, 102, 3716, 102, 6172, 102]",6
305,"[7751, 102, 2038, 12618, 102, 9123, 102]",7
306,"[7751, 102, 27034, 15794, 102, 4640, 102]",7
307,"[7751, 102, 18978, 102]",4
308,"[7751, 102, 20014, 20265, 102]",5
309,"[7751, 102, 19493, 102]",4
310,"[7751, 102, 10047, 5332, 102, 2640, 102]",7
311,"[7751, 102, 8123, 1011, 4807, 1011, 4297, 102, 1012, 102]",10
312,"[7751, 102, 25353, 2386, 26557, 102]",6
313,"[7751, 102, 14910, 5063, 3560, 102, 2998, 102]",8
314,"[7751, 102, 2035, 17897, 102, 3001, 102]",7
315,"[7751, 102, 4083, 102, 2194, 102]",6
316,"[7751, 102, 3795, 1011, 5821, 1011, 5826, 102]",8
317,"[7751, 102, 6373, 102, 9123, 102]",6
318,"[7751, 102, 11748, 26658, 6199, 102]",6
319,"[7751, 102, 9666, 8059, 102, 4640, 102]",7
320,"[7751, 102, 20014, 14663, 102]",5
321,"[7751, 102, 20116, 16409, 102]",5
322,"[7751, 102, 18106, 102]",4
323,"[7751, 102, 9666, 8059, 102, 4640, 102]",7
324,"[7751, 102, 1996, 1011, 4083, 1011, 2194, 102]",8
325,"[7751, 102, 1049, 1011, 1998, 1011, 1054, 1011, 6786, 102]",10
326,"[7751, 102, 24105, 102]",4
327,"[7751, 102, 8115, 102, 2865, 102, 4297, 1012, 102]",9
328,"[7751, 102, 7832, 102, 4024, 102]",6
329,"[7751, 102, 4083, 102, 2194, 102]",6
330,"[7751, 102, 10927, 2078, 15500, 102, 4640, 102, 3915, 102, 4297, 1012, 102]",13
331,"[7751, 102, 7832, 102, 4024, 102]",6
332,"[7751, 102, 4773, 3217, 4140, 102, 4007, 102]",8
333,"[7751, 102, 18106, 102]",4
334,"[7751, 102, 10927, 2078, 15500, 102]",6
335,"[7751, 102, 19493, 1011, 4007, 1011, 4297, 102]",8
336,"[7751, 102, 1057, 5638, 102, 3730, 102]",7
337,"[7751, 102, 16686, 2229, 3597, 102, 4024, 102]",8
338,"[7751, 102, 2552, 24607, 102]",5
339,"[7751, 102, 3959, 11266, 7474, 102, 9123, 102]",8
340,"[7751, 102, 16176, 102, 9273, 102, 2865, 102, 4297, 1012, 102]",11
341,"[7751, 102, 19493, 102, 4007, 102]",6
342,"[7751, 102, 27034, 15794, 102, 4640, 102]",7
343,"[7751, 102, 29214, 102, 4297, 1012, 102]",7
344,"[7751, 102, 1057, 5638, 102, 3730, 102]",7
345,"[7751, 102, 25353, 2386, 26557, 102]",6
346,"[7751, 102, 22432, 7959, 2063, 102]",6
347,"[7751, 102, 3716, 102, 6172, 102]",6
348,"[7751, 102, 7832, 102, 4024, 102]",6
349,"[7751, 102, 7832, 102, 4024, 102]",6
350,"[7751, 102, 18106, 102]",4
351,"[7751, 102, 20996, 9048, 2080, 102]",6
352,"[7751, 102, 8412, 1011, 4620, 1011, 2188, 1011, 4024, 102]",10
353,"[7751, 102, 8412, 1011, 4620, 1011, 3617, 1011, 4024, 102]",10
354,"[7751, 102, 9666, 8059, 102, 4640, 102]",7
355,"[7751, 102, 4224, 102, 13625, 102]",6
356,"[7751, 102, 5001, 13767, 102]",5
357,"[7751, 102, 11748, 26658, 6199, 102]",6
358,"[7751, 102, 2522, 6491, 2072, 102, 3840, 102]",8
359,"[7751, 102, 19493, 102]",4
360,"[7751, 102, 7832, 102, 4024, 102]",6
361,"[7751, 102, 18106, 102]",4
362,"[7751, 102, 7832, 102, 4024, 102]",6
363,"[7751, 102, 8412, 1011, 3274, 1011, 4024, 102]",8
364,"[7751, 102, 18106, 102]",4
365,"[7751, 102, 9666, 8059, 102, 4640, 102]",7
366,"[7751, 102, 2314, 26095, 2361, 102]",6
367,"[7751, 102, 13012, 102, 19962, 24395, 102]",7
368,"[7751, 102, 3716, 102, 6172, 102]",6
369,"[7751, 102, 19493, 102]",4
370,"[7751, 102, 2522, 6491, 2072, 102]",6
371,"[7751, 102, 7513, 102]",4
372,"[7751, 102, 11173, 102, 4297, 1012, 102]",7
373,"[7751, 102, 17454, 19036, 102]",5
374,"[7751, 102, 22432, 7959, 2063, 102]",6
375,"[7751, 102, 11588, 102, 1041, 2546, 2595, 102]",8
376,"[7751, 102, 6846, 102, 2458, 102]",6
377,"[7751, 102, 9874, 102, 12702, 102]",6
378,"[7751, 102, 19493, 102, 4007, 102]",6
379,"[7751, 102, 13012, 102, 19962, 24395, 102]",7
380,"[7751, 102, 10556, 17668, 5874, 102, 6845, 102]",8
381,"[7751, 102, 11473, 14162, 102]",5
382,"[7751, 102, 18106, 102]",4
383,"[7751, 102, 9666, 8059, 102, 4640, 102]",7
384,"[7751, 102, 23853, 102, 2865, 102]",6
385,"[7751, 102, 10017, 102, 10877, 102]",6
386,"[7751, 102, 27034, 15794, 102, 4640, 102]",7
387,"[7751, 102, 18978, 102]",4
388,"[7751, 102, 19493, 102, 4007, 102]",6
389,"[7751, 102, 7832, 102, 4024, 102]",6
390,"[7751, 102, 1040, 2243, 102, 14959, 102]",7
391,"[7751, 102, 11748, 26658, 6199, 102]",6
392,"[7751, 102, 24105, 102]",4
393,"[7751, 102, 7513, 102, 4007, 102]",6
394,"[7751, 102, 3716, 102, 6172, 102]",6
395,"[7751, 102, 9666, 8059, 102, 4640, 102]",7
396,"[7751, 102, 20014, 14663, 102, 4297, 1012, 102]",8
397,"[7751, 102, 27034, 15794, 102, 4640, 102]",7
398,"[7751, 102, 19493, 102, 4007, 102]",6
399,"[7751, 102, 8115, 16969, 102]",5
400,"[7751, 102, 11748, 26658, 6199, 102]",6
401,"[7751, 102, 10761, 102]",4
402,"[7751, 102, 14910, 5063, 3560, 102, 4024, 102]",8
403,"[7751, 102, 18978, 102]",4
404,"[7751, 102, 2522, 6491, 2072, 102]",6
405,"[7751, 102, 9666, 8059, 102, 4640, 102]",7
406,"[7751, 102, 4083, 102, 2194, 102]",6
407,"[7751, 102, 1057, 5638, 102, 3730, 102]",7
408,"[7751, 102, 19493, 102, 4007, 102]",6
409,"[7751, 102, 16371, 6651, 102]",5
410,"[7751, 102, 6819, 8159, 4305, 102, 5415, 102]",8
411,"[7751, 102, 1038, 2989, 102]",5
412,"[7751, 102, 18106, 102]",4
413,"[7751, 102, 13164, 29390, 102]",5
414,"[7751, 102, 23848, 7646, 102, 4024, 102]",7
415,"[7751, 102, 4083, 102, 2194, 102]",6
416,"[7751, 102, 3968, 10665, 102]",5
417,"[7751, 102, 27034, 15794, 102, 4640, 102]",7
418,"[7751, 102, 11748, 26658, 6199, 102]",6
419,"[7751, 102, 3795, 102, 4007, 102, 4640, 102]",8
420,"[7751, 102, 9666, 8059, 102, 4640, 102]",7
421,"[7751, 102, 1017, 2213, 102]",5
422,"[7751, 102, 3274, 1011, 9228, 1011, 2248, 102]",8
423,"[7751, 102, 7513, 102, 15943, 102]",6
424,"[7751, 102, 3422, 18405, 102, 6786, 102, 4297, 102]",9
425,"[7751, 102, 19493, 102, 4007, 102]",6
426,"[7751, 102, 3274, 102, 9228, 102]",6
427,"[7751, 102, 3377, 102, 14959, 102]",6
428,"[7751, 102, 4224, 102, 13625, 102]",6
429,"[7751, 102, 3959, 11266, 7474, 102, 9123, 102]",8
430,"[7751, 102, 4773, 3217, 4140, 102, 4007, 102]",8
431,"[7751, 102, 7513, 102]",4
432,"[7751, 102, 10514, 13473, 2368, 102]",6
433,"[7751, 102, 10514, 13473, 2368, 102]",6
434,"[7751, 102, 4372, 14876, 7874, 102, 4007, 102]",8
435,"[7751, 102, 2310, 17728, 2015, 102]",6
436,"[7751, 102, 3795, 1011, 4007, 1011, 9047, 2140, 1011, 6583, 102]",11
437,"[7751, 102, 2417, 102, 3542, 102]",6
438,"[7751, 102, 6846, 102, 2458, 102]",6
439,"[7751, 102, 25353, 2386, 26557, 102, 2865, 102]",8
440,"[7751, 102, 2003, 2072, 102, 2470, 6499, 6199, 102]",9
441,"[7751, 102, 8412, 1011, 4620, 1011, 3617, 1011, 4024, 102]",10
442,"[7751, 102, 7513, 102, 15943, 102]",6
443,"[7751, 102, 7513, 102]",4
444,"[7751, 102, 3716, 102, 6172, 102]",6
445,"[7751, 102, 7832, 102, 4024, 102]",6
446,"[7751, 102, 7832, 102, 4024, 102]",6
447,"[7751, 102, 7832, 102, 4024, 102]",6
448,"[7751, 102, 7832, 102, 4024, 102]",6
449,"[7751, 102, 8797, 23169, 2290, 102]",6
450,"[7751, 102, 1060, 1011, 1051, 5358, 102]",7
451,"[7751, 102, 4224, 102, 13625, 102]",6
452,"[7751, 102, 18106, 102]",4
453,"[7751, 102, 7832, 102, 4024, 102]",6
454,"[7751, 102, 16176, 1011, 9273, 1011, 2865, 1011, 4297, 102, 1012, 102]",12
455,"[7751, 102, 19493, 102, 4007, 102]",6
456,"[7751, 102, 19493, 102, 4007, 102]",6
457,"[7751, 102, 7832, 102, 4024, 102]",6
458,"[7751, 102, 6465, 102, 4007, 102]",6
459,"[7751, 102, 9874, 102, 12702, 102]",6
460,"[7751, 102, 7832, 102, 4024, 102]",6
461,"[7751, 102, 19493, 102]",4
462,"[7751, 102, 4907, 5753, 102]",5
463,"[7751, 102, 7832, 102, 4024, 102]",6
464,"[7751, 102, 4563, 2140, 102, 13058, 102]",7
465,"[7751, 102, 18106, 102]",4
466,"[7751, 102, 5658, 7361, 2401, 102]",6
467,"[7751, 102, 7832, 102, 4024, 102]",6
468,"[7751, 102, 1996, 1011, 4083, 1011, 2194, 102]",8
469,"[7751, 102, 7513, 102, 13058, 102]",6
470,"[7751, 102, 26408, 102, 3001, 102, 1006, 102, 26408, 21572, 102, 1007, 102]",13
471,"[7751, 102, 18106, 102]",4
472,"[7751, 102, 2002, 13668, 6582, 102, 24100, 102]",8
473,"[7751, 102, 21058, 2638, 102, 4007, 102]",7
474,"[7751, 102, 7513, 102]",4
475,"[7751, 102, 2301, 102, 4007, 102]",6
476,"[7751, 102, 7513, 102, 13058, 102]",6
477,"[7751, 102, 2568, 15759, 102]",5
478,"[7751, 102, 12728, 102, 3001, 102, 4297, 1012, 102, 1012, 102]",11
479,"[7751, 102, 2489, 16070, 102, 4007, 102]",7
480,"[7751, 102, 3716, 102, 6172, 102]",6
481,"[7751, 102, 6846, 102, 2458, 102]",6
482,"[7751, 102, 4773, 3217, 4140, 1011, 4007, 1011, 4297, 102]",10
483,"[7751, 102, 4773, 3217, 4140, 102, 4007, 102]",8
484,"[7751, 102, 18106, 102]",4
485,"[7751, 102, 2006, 1011, 2192, 1011, 4007, 102]",8
486,"[7751, 102, 25353, 2386, 26557, 102]",6
487,"[7751, 102, 2449, 102, 5200, 102]",6
488,"[7751, 102, 2004, 7685, 2099, 102, 2865, 102]",8
489,"[7751, 102, 29464, 10111, 13320, 2378, 3672, 102]",8
490,"[7751, 102, 7513, 102, 4007, 102]",6
491,"[7751, 102, 24031, 102]",4
492,"[7751, 102, 7513, 102]",4
493,"[7751, 102, 18106, 102]",4
494,"[7751, 102, 6207, 102]",4
495,"[7751, 102, 3809, 102, 3894, 102]",6
496,"[7751, 102, 7513, 102]",4
497,"[7751, 102, 7513, 102]",4
498,"[7751, 102, 19493, 102, 4007, 102]",6
499,"[7751, 102, 25353, 2386, 26557, 102]",6
500,"[7751, 102, 2314, 26095, 2361, 1011, 4083, 1011, 2194, 102]",10
501,"[7751, 102, 7513, 102, 4007, 102]",6
502,"[7751, 102, 25353, 2386, 26557, 102]",6
503,"[7751, 102, 7838, 102, 2188, 102]",6
504,"[7751, 102, 18106, 102]",4
505,"[7751, 102, 25353, 2386, 26557, 102]",6
506,"[7751, 102, 4563, 2140, 102]",5
507,"[7751, 102, 8285, 6155, 2243, 102, 8827, 2290, 102]",9
508,"[7751, 102, 18106, 102]",4
509,"[7751, 102, 7513, 102]",4
510,"[7751, 102, 19493, 102, 4007, 102]",6
511,"[7751, 102, 7513, 102]",4
512,"[7751, 102, 7513, 102, 4007, 102]",6
513,"[7751, 102, 19493, 102, 4007, 102]",6
514,"[7751, 102, 7513, 102]",4
515,"[7751, 102, 7832, 102, 4024, 102]",6
516,"[7751, 102, 18106, 102]",4
517,"[7751, 102, 18106, 102]",4
518,"[7751, 102, 7513, 102]",4
519,"[7751, 102, 7513, 102]",4
520,"[7751, 102, 20014, 14663, 102]",5
521,"[7751, 102, 7513, 102, 4007, 102]",6
522,"[7751, 102, 7513, 102]",4
523,"[7751, 102, 7513, 102]",4
524,"[7751, 102, 6207, 102, 3274, 102]",6
525,"[7751, 102, 4563, 2140, 102]",5
526,"[7751, 102, 3795, 102, 5821, 102, 5826, 102]",8
527,"[7751, 102, 18106, 102]",4
528,"[7751, 102, 20014, 14663, 102]",5
529,"[7751, 102, 7513, 102]",4
530,"[7751, 102, 19493, 102, 4007, 102]",6
531,"[7751, 102, 7513, 102]",4
532,"[7751, 102, 20014, 14663, 102]",5
533,"[7751, 102, 18106, 102]",4
534,"[7751, 102, 10047, 5332, 102, 2640, 102]",7
535,"[7751, 102, 7513, 102]",4
536,"[7751, 102, 18106, 102]",4
537,"[7751, 102, 6207, 102]",4
538,"[7751, 102, 6207, 102]",4
539,"[7751, 102, 20014, 14663, 102]",5
540,"[7751, 102, 4563, 2140, 102]",5
541,"[7751, 102, 7513, 102]",4
542,"[7751, 102, 6207, 102, 3274, 102]",6
543,"[7751, 102, 18106, 102]",4
544,"[7751, 102, 7513, 102]",4
545,"[7751, 102, 7513, 102]",4
546,"[7751, 102, 18106, 102]",4
547,"[7751, 102, 7513, 102]",4
548,"[7751, 102, 20014, 14663, 102]",5
549,"[7751, 102, 18106, 102]",4
550,"[7751, 102, 7513, 102]",4
551,"[7751, 102, 25353, 2386, 26557, 102]",6
552,"[7751, 102, 4563, 2140, 102]",5
553,"[7751, 102, 18106, 102]",4
554,"[7751, 102, 7832, 102, 4024, 102]",6
555,"[7751, 102, 19493, 102, 4007, 102]",6
556,"[7751, 102, 7832, 102, 4024, 102]",6
557,"[7751, 102, 18106, 102]",4
558,"[7751, 102, 7832, 102, 4024, 102]",6
559,"[7751, 102, 18106, 102]",4
560,"[7751, 102, 25353, 2386, 26557, 102]",6
561,"[7751, 102, 20014, 14663, 102]",5
562,"[7751, 102, 18106, 102]",4
563,"[7751, 102, 18106, 102]",4
564,"[7751, 102, 1044, 102, 1004, 102, 1054, 102, 3796, 102]",10
565,"[7751, 102, 18106, 102]",4
566,"[7751, 102, 6207, 102]",4
567,"[7751, 102, 1044, 102, 1004, 102, 1054, 102, 3796, 102]",10
568,"[7751, 102, 18106, 102]",4
569,"[7751, 102, 7513, 102]",4
570,"[7751, 102, 3265, 102, 4007, 102]",6
571,"[7751, 102, 7513, 102]",4
572,"[7751, 102, 18106, 102]",4
573,"[7751, 102, 4563, 2140, 102]",5
574,"[7751, 102, 7513, 102]",4
575,"[7751, 102, 6373, 102, 9123, 102]",6
576,"[7751, 102, 4083, 102, 2194, 102]",6
577,"[7751, 102, 20014, 14663, 102]",5
578,"[7751, 102, 7513, 102]",4
579,"[7751, 102, 1044, 102, 1004, 102, 1054, 102, 3796, 102]",10
580,"[7751, 102, 20014, 14663, 102]",5
581,"[7751, 102, 19493, 102]",4
582,"[7751, 102, 6207, 102]",4
583,"[7751, 102, 20996, 9048, 2080, 102]",6
584,"[7751, 102, 7513, 102]",4
585,"[7751, 102, 4563, 2140, 102]",5
586,"[7751, 102, 20014, 14663, 102]",5
587,"[7751, 102, 7513, 102]",4
588,"[7751, 102, 18106, 102]",4
589,"[7751, 102, 20014, 14663, 102]",5
590,"[7751, 102, 6207, 102]",4
591,"[7751, 102, 6207, 102]",4
592,"[7751, 102, 18106, 102]",4
593,"[7751, 102, 18106, 102]",4
594,"[7751, 102, 4563, 2140, 102]",5
595,"[7751, 102, 18106, 102]",4
596,"[7751, 102, 6819, 8159, 4305, 102, 5415, 102]",8
597,"[7751, 102, 18106, 102]",4
598,"[7751, 102, 18106, 102]",4
599,"[7751, 102, 7832, 102, 4024, 102]",6
600,"[7751, 102, 6207, 102]",4
601,"[7751, 102, 3716, 102, 6172, 102]",6
602,"[7751, 102, 18106, 102]",4
603,"[7751, 102, 6207, 102]",4
604,"[7751, 102, 7513, 102]",4
605,"[7751, 102, 7513, 102]",4
606,"[7751, 102, 7513, 102]",4
607,"[7751, 102, 19493, 102, 4007, 102]",6
608,"[7751, 102, 18106, 102]",4
609,"[7751, 102, 20014, 14663, 102]",5
610,"[7751, 102, 22953, 4063, 27265, 102]",6
611,"[7751, 102, 20014, 14663, 102]",5
612,"[7751, 102, 4563, 2140, 102]",5
613,"[7751, 102, 24105, 102]",4
614,"[7751, 102, 7513, 102]",4
615,"[7751, 102, 18106, 102]",4
616,"[7751, 102, 7513, 102]",4
617,"[7751, 102, 25353, 2386, 26557, 102]",6
618,"[7751, 102, 6634, 8059, 102]",5
619,"[7751, 102, 6846, 102, 2458, 102]",6
620,"[7751, 102, 18106, 102]",4
621,"[7751, 102, 4024, 102, 5826, 102]",6
622,"[7751, 102, 7861, 2098, 2401, 102]",6
623,"[7751, 102, 12954, 5092, 102, 18414, 13344, 102]",8
624,"[7751, 102, 5658, 7361, 2401, 102]",6
625,"[7751, 102, 6207, 102]",4
626,"[7751, 102, 14233, 4059, 102]",5
627,"[7751, 102, 4083, 102, 2194, 102]",6
628,"[7751, 102, 3972, 2953, 4168, 102]",6
629,"[7751, 102, 10381, 4948, 2891, 102]",6
630,"[7751, 102, 20996, 9048, 2080, 102]",6
631,"[7751, 102, 1044, 102, 1004, 102, 1054, 102, 3796, 102]",10
632,"[7751, 102, 7513, 102]",4
633,"[7751, 102, 16137, 4226, 102]",5
634,"[7751, 102, 4403, 102, 2028, 102]",6
635,"[7751, 102, 19493, 102]",4
636,"[7751, 102, 19493, 102, 4007, 102]",6
637,"[7751, 102, 2142, 102, 9797, 102]",6
638,"[7751, 102, 6207, 102]",4
639,"[7751, 102, 5024, 9316, 102, 3840, 102]",7
640,"[7751, 102, 2036, 6199, 102]",5
641,"[7751, 102, 2004, 7685, 2099, 102, 2865, 102]",8
642,"[7751, 102, 18106, 102]",4
643,"[7751, 102, 21025, 2102, 102, 13058, 102]",7
644,"[7751, 102, 12702, 13102, 4140, 102, 5183, 1012, 102]",9
645,"[7751, 102, 7513, 102]",4
646,"[7751, 102, 7832, 102, 4024, 102]",6
647,"[7751, 102, 11173, 102]",4
648,"[7751, 102, 20014, 20265, 102, 4297, 102]",7
649,"[7751, 102, 22432, 7959, 2063, 102]",6
650,"[7751, 102, 25353, 2386, 26557, 102]",6
651,"[7751, 102, 19557, 7874, 102, 4007, 102]",7
652,"[7751, 102, 2424, 10288, 102]",5
653,"[7751, 102, 19493, 102]",4
654,"[7751, 102, 18106, 102]",4
655,"[7751, 102, 9666, 8059, 102, 4640, 102]",7
656,"[7751, 102, 3959, 11266, 7474, 102, 9123, 102]",8
657,"[7751, 102, 7861, 2098, 2401, 102, 2189, 102]",8
658,"[7751, 102, 23231, 102, 12702, 102]",6
659,"[7751, 102, 20116, 16409, 102]",5
660,"[7751, 102, 19557, 7874, 102]",5
661,"[7751, 102, 18106, 102]",4
662,"[7751, 102, 7513, 102]",4
663,"[7751, 102, 2865, 14876, 3126, 102, 3840, 102]",8
664,"[7751, 102, 7832, 102, 4024, 102]",6
665,"[7751, 102, 8412, 1011, 2865, 1011, 4007, 102]",8
666,"[7751, 102, 20022, 102, 2865, 102]",6
667,"[7751, 102, 2489, 16070, 102, 4007, 102]",7
668,"[7751, 102, 18993, 102, 9123, 102]",6
669,"[7751, 102, 19493, 102, 4007, 102]",6
670,"[7751, 102, 8894, 102, 4007, 102]",6
671,"[7751, 102, 16562, 1011, 1997, 1011, 2637, 1011, 4297, 102, 1012, 102]",12
672,"[7751, 102, 7832, 102, 4024, 102]",6
673,"[7751, 102, 1024, 102, 4888, 102]",6
674,"[7751, 102, 2082, 102, 4224, 102]",6
675,"[7751, 102, 6846, 102, 2458, 102]",6
676,"[7751, 102, 18106, 102]",4
677,"[7751, 102, 7513, 102]",4
678,"[7751, 102, 7832, 102, 4024, 102]",6
679,"[7751, 102, 21260, 102, 1006, 102, 4007, 102, 1007, 102]",10
680,"[7751, 102, 10514, 13473, 2368, 102]",6
681,"[7751, 102, 6654, 1011, 2047, 1011, 2865, 102]",8
682,"[7751, 102, 3432, 1011, 2404, 1011, 4007, 1011, 11775, 102]",10
683,"[7751, 102, 19493, 102]",4
684,"[7751, 102, 20116, 16409, 102]",5
685,"[7751, 102, 2004, 7685, 2099, 102, 2865, 102]",8
686,"[7751, 102, 2004, 7685, 2099, 102, 2865, 102]",8
687,"[7751, 102, 24665, 19565, 6199, 102]",6
688,"[7751, 102, 4403, 102, 2028, 102]",6
689,"[7751, 102, 19493, 102, 4007, 102]",6
690,"[7751, 102, 2004, 7685, 2099, 102, 2865, 102]",8
691,"[7751, 102, 3795, 1011, 4007, 1011, 4640, 102]",8
692,"[7751, 102, 24031, 102]",4
693,"[7751, 102, 3795, 1011, 4007, 1011, 4640, 102]",8
694,"[7751, 102, 1041, 4492, 2401, 102]",6
695,"[7751, 102, 3795, 102, 4007, 102]",6
696,"[7751, 102, 2006, 1011, 2192, 1011, 4007, 102]",8
697,"[7751, 102, 3795, 102, 4007, 102]",6
698,"[7751, 102, 3044, 1011, 12702, 1011, 4007, 1011, 4297, 102, 1012, 102]",12
699,"[7751, 102, 19557, 7874, 102]",5
700,"[7751, 102, 2004, 7685, 2099, 102, 2865, 102]",8
701,"[7751, 102, 2327, 8059, 102, 9123, 102]",7
702,"[7751, 102, 6846, 102, 2458, 102]",6
703,"[7751, 102, 3795, 1011, 4007, 1011, 4640, 102]",8
704,"[7751, 102, 20116, 16409, 102]",5
705,"[7751, 102, 8595, 102, 999, 102, 4007, 102]",8
706,"[7751, 102, 21689, 102, 4024, 102]",6
707,"[7751, 102, 3795, 1011, 4007, 1011, 4640, 1011, 2167, 1011, 2637, 1011, 4297, 102]",14
708,"[7751, 102, 5656, 102, 2034, 102]",6
709,"[7751, 102, 3795, 1011, 4007, 1011, 4640, 102]",8
710,"[7751, 102, 19493, 102]",4
711,"[7751, 102, 19493, 102]",4
712,"[7751, 102, 19493, 102, 4007, 102]",6
713,"[7751, 102, 2004, 7685, 2099, 102, 2865, 102]",8
714,"[7751, 102, 3795, 1011, 4007, 1011, 4640, 1011, 2167, 1011, 2637, 1011, 4297, 102]",14
715,"[7751, 102, 24031, 102]",4
716,"[7751, 102, 18568, 102, 2974, 102]",6
717,"[7751, 102, 20022, 102, 2865, 102]",6
718,"[7751, 102, 16176, 1011, 9273, 1011, 2865, 1011, 4297, 102, 1012, 102]",12
719,"[7751, 102, 2006, 1011, 2192, 1011, 4007, 102]",8
720,"[7751, 102, 8285, 6155, 2243, 1011, 1049, 102, 1011, 102, 1004, 102, 1011, 102, 1041, 1011, 3482, 102]",18
721,"[7751, 102, 7481, 102, 2974, 102]",6
722,"[7751, 102, 14233, 4059, 102]",5
723,"[7751, 102, 7832, 1011, 4024, 1011, 4007, 102, 1011, 102, 1006, 102, 9530, 5332, 16206, 3672, 102, 1007, 102]",19
724,"[7751, 102, 3432, 1011, 2404, 1011, 4007, 102]",8
725,"[7751, 102, 18168, 3490, 102, 2177, 102]",7
726,"[7751, 102, 3432, 1011, 2404, 1011, 4007, 102]",8
727,"[7751, 102, 16371, 6651, 1011, 4806, 1011, 4297, 102, 1012, 102]",11
728,"[7751, 102, 2026, 16429, 102, 2149, 102]",7
729,"[7751, 102, 2004, 7685, 2099, 102, 2865, 102]",8
730,"[7751, 102, 8389, 1011, 24710, 1011, 3840, 102]",8
731,"[7751, 102, 7832, 102, 4024, 102]",6
732,"[7751, 102, 2004, 7685, 2099, 102, 2865, 102]",8
733,"[7751, 102, 19493, 102, 4007, 102]",6
734,"[7751, 102, 7832, 102, 4024, 102]",6
735,"[7751, 102, 19493, 102, 4007, 102]",6
736,"[7751, 102, 18106, 102]",4
737,"[7751, 102, 18106, 102]",4
738,"[7751, 102, 19493, 102]",4
739,"[7751, 102, 1045, 1012, 1054, 1012, 1045, 1012, 1055, 1012, 102]",11
740,"[7751, 102, 18993, 102, 9123, 102]",6
741,"[7751, 102, 18106, 1011, 2495, 1011, 3482, 102]",8
742,"[7751, 102, 2004, 7685, 2099, 102, 2865, 102]",8
743,"[7751, 102, 18106, 1011, 2495, 1011, 3482, 102]",8
744,"[7751, 102, 3884, 2099, 102, 4007, 102]",7
745,"[7751, 102, 16176, 102, 9273, 102]",6
746,"[7751, 102, 20116, 16409, 102]",5
747,"[7751, 102, 18993, 102, 9123, 102]",6
748,"[7751, 102, 2004, 7685, 2099, 102, 2865, 102]",8
749,"[7751, 102, 4907, 5753, 102]",5
750,"[7751, 102, 12702, 13102, 4140, 102, 5183, 1012, 102]",9
751,"[7751, 102, 9388, 8059, 102]",5
752,"[7751, 102, 4078, 10196, 2121, 102]",6
753,"[7751, 102, 7832, 102, 4024, 102]",6
754,"[7751, 102, 21862, 18277, 102, 3001, 102]",7
755,"[7751, 102, 12702, 18900, 102]",5
756,"[7751, 102, 21025, 2102, 102, 13058, 102]",7
757,"[7751, 102, 6097, 6499, 6199, 102]",6
758,"[7751, 102, 20116, 16409, 102]",5
759,"[7751, 102, 6846, 102, 2458, 102]",6
760,"[7751, 102, 25462, 102, 4007, 102]",6
761,"[7751, 102, 7513, 102, 4007, 102]",6
762,"[7751, 102, 2033, 1011, 2205, 1011, 4007, 102]",8
763,"[7751, 102, 8412, 1011, 5541, 1011, 4007, 102]",8
764,"[7751, 102, 3959, 11266, 7474, 102, 9123, 102]",8
765,"[7751, 102, 18978, 102]",4
766,"[7751, 102, 1057, 5638, 102, 3730, 102]",7
767,"[7751, 102, 2004, 7685, 2099, 102, 2865, 102]",8
768,"[7751, 102, 4816, 102, 2840, 102]",6
769,"[7751, 102, 10927, 2078, 15500, 1011, 4640, 1011, 3915, 1011, 4297, 102, 1012, 102]",14
770,"[7751, 102, 2522, 6491, 2072, 102]",6
771,"[7751, 102, 8025, 1011, 13625, 1011, 4297, 102, 1012, 102]",10
772,"[7751, 102, 18106, 102]",4
773,"[7751, 102, 7513, 102, 3840, 102]",6
774,"[7751, 102, 18106, 102, 4007, 102]",6
775,"[7751, 102, 2004, 7685, 2099, 102, 2865, 102]",8
776,"[7751, 102, 12702, 18900, 102]",5
777,"[7751, 102, 19493, 102]",4
778,"[7751, 102, 19493, 102]",4
779,"[7751, 102, 19493, 102, 4007, 102]",6
780,"[7751, 102, 19493, 102]",4
781,"[7751, 102, 7513, 102]",4
782,"[7751, 102, 19493, 102, 4007, 102]",6
783,"[7751, 102, 4563, 2140, 102]",5
784,"[7751, 102, 19493, 102]",4
785,"[7751, 102, 19493, 102, 4007, 102]",6
786,"[7751, 102, 19493, 102]",4
787,"[7751, 102, 19493, 102, 4007, 102]",6
788,"[7751, 102, 19493, 102, 4007, 102]",6
789,"[7751, 102, 19493, 102]",4
790,"[7751, 102, 19493, 102]",4
791,"[7751, 102, 19493, 102]",4
792,"[7751, 102, 16176, 1011, 9273, 1011, 2865, 1011, 4297, 102, 1012, 102]",12
793,"[7751, 102, 19493, 102]",4
794,"[7751, 102, 19493, 102]",4
795,"[7751, 102, 3274, 102, 9228, 102]",6
796,"[7751, 102, 4563, 2140, 102]",5
797,"[7751, 102, 5717, 1011, 1043, 102]",6
798,"[7751, 102, 19493, 102]",4
799,"[7751, 102, 2002, 13668, 6582, 1011, 24100, 102, 1011, 102, 1006, 102, 9530, 17421, 3085, 2015, 102, 1007, 102]",19
800,"[7751, 102, 22953, 4063, 27265, 102]",6
801,"[7751, 102, 17359, 13775, 102, 3001, 102]",7
802,"[7751, 102, 2345, 102, 4433, 102]",6
803,"[7751, 102, 18106, 102]",4
804,"[7751, 102, 10667, 8621, 23773, 102]",6
805,"[7751, 102, 19493, 102]",4
806,"[7751, 102, 19493, 102]",4
807,"[7751, 102, 19493, 102, 4007, 102]",6
808,"[7751, 102, 19493, 102, 4007, 102]",6
809,"[7751, 102, 19493, 102]",4
810,"[7751, 102, 19493, 102]",4
811,"[7751, 102, 19493, 102]",4
812,"[7751, 102, 4654, 25808, 2483, 102, 3840, 102]",8
813,"[7751, 102, 28319, 23356, 2015, 102]",6
814,"[7751, 102, 6846, 102, 2458, 102]",6
815,"[7751, 102, 4654, 25808, 2483, 102, 3840, 102]",8
816,"[7751, 102, 7513, 102]",4
817,"[7751, 102, 20116, 16409, 102]",5
818,"[7751, 102, 2064, 24676, 102]",5
819,"[7751, 102, 19493, 102, 4007, 102]",6
820,"[7751, 102, 2314, 26095, 2361, 102]",6
821,"[7751, 102, 19493, 102]",4
822,"[7751, 102, 1041, 1011, 1038, 1011, 1039, 1011, 5821, 102]",10
823,"[7751, 102, 7513, 102]",4
824,"[7751, 102, 8412, 1011, 4620, 1011, 2188, 1011, 4024, 102]",10
825,"[7751, 102, 8412, 1011, 4620, 1011, 3617, 1011, 4024, 102]",10
826,"[7751, 102, 9587, 8525, 102]",5
827,"[7751, 102, 1049, 1011, 5746, 102]",6
828,"[7751, 102, 26007, 102]",4
829,"[7751, 102, 18568, 102, 2974, 102]",6
830,"[7751, 102, 4563, 2140, 102]",5
831,"[7751, 102, 3795, 1011, 4007, 1011, 4640, 102]",8
832,"[7751, 102, 3795, 102, 4007, 102]",6
833,"[7751, 102, 8595, 102, 999, 102, 4007, 102]",8
834,"[7751, 102, 8412, 102, 2865, 102]",6
835,"[7751, 102, 2192, 10665, 102, 4297, 1012, 102, 1012, 102]",10
836,"[7751, 102, 3795, 1011, 4007, 1011, 4640, 102]",8
837,"[7751, 102, 18106, 102]",4
838,"[7751, 102, 7619, 102, 4007, 102]",6
839,"[7751, 102, 18106, 102]",4
840,"[7751, 102, 8412, 1011, 4620, 1011, 3617, 1011, 4024, 102]",10
841,"[7751, 102, 26007, 102]",4
842,"[7751, 102, 3507, 2229, 102]",5
843,"[7751, 102, 17775, 102]",4
844,"[7751, 102, 4007, 102]",4
845,"[7751, 102, 12997, 8485, 27275, 102]",6
846,"[7751, 102, 8412, 1011, 2865, 1011, 4007, 102]",8
847,"[7751, 102, 1040, 1011, 4957, 102, 3001, 102, 4297, 1012, 102, 1012, 102]",13
848,"[7751, 102, 1038, 2989, 102, 4007, 102]",7
849,"[7751, 102, 2002, 13668, 6582, 102, 24100, 102]",8
850,"[7751, 102, 17775, 102, 2974, 102, 2177, 102]",8
851,"[7751, 102, 8595, 102, 999, 102, 4007, 102]",8
852,"[7751, 102, 8412, 1011, 4620, 1011, 3617, 1011, 4024, 102]",10
853,"[7751, 102, 21058, 2638, 102, 4007, 102]",7
854,"[7751, 102, 3265, 102, 4007, 102]",6
855,"[7751, 102, 12702, 18900, 102]",5
856,"[7751, 102, 4563, 2140, 102]",5
857,"[7751, 102, 9850, 17122, 102]",5
858,"[7751, 102, 7513, 102]",4
859,"[7751, 102, 21058, 2638, 102, 4007, 102]",7
860,"[7751, 102, 6207, 102, 3274, 102]",6
861,"[7751, 102, 2314, 26095, 2361, 1011, 4083, 1011, 2194, 102]",10
862,"[7751, 102, 9850, 17122, 102]",5
863,"[7751, 102, 14233, 4059, 102]",5
864,"[7751, 102, 2082, 102, 4224, 102]",6
865,"[7751, 102, 9850, 17122, 102]",5
866,"[7751, 102, 10927, 2078, 15500, 102]",6
867,"[7751, 102, 8595, 102, 999, 102, 4007, 102]",8
868,"[7751, 102, 9647, 1011, 2248, 1011, 13058, 102]",8
869,"[7751, 102, 2449, 102, 5200, 102]",6
870,"[7751, 102, 2301, 102, 4007, 102]",6
871,"[7751, 102, 6207, 102]",4
872,"[7751, 102, 9647, 102, 2248, 102]",6
873,"[7751, 102, 20014, 14663, 102]",5
874,"[7751, 102, 10878, 102, 4007, 102]",6
875,"[7751, 102, 2301, 102, 4007, 102]",6
876,"[7751, 102, 18106, 102]",4
877,"[7751, 102, 5658, 7361, 2401, 102]",6
878,"[7751, 102, 1041, 12792, 3771, 102]",6
879,"[7751, 102, 8412, 102, 2865, 102]",6
880,"[7751, 102, 19493, 102, 4007, 102]",6
881,"[7751, 102, 19493, 102, 4007, 102]",6
882,"[7751, 102, 19493, 102, 4007, 102]",6
883,"[7751, 102, 18106, 102]",4
884,"[7751, 102, 4638, 10665, 102, 4007, 102]",7
885,"[7751, 102, 12997, 26760, 20189, 102, 4297, 102]",8
886,"[7751, 102, 1038, 2989, 102]",5
887,"[7751, 102, 19493, 102]",4
888,"[7751, 102, 7513, 102, 3840, 102]",6
889,"[7751, 102, 19493, 102]",4
890,"[7751, 102, 7832, 102, 4024, 102]",6
891,"[7751, 102, 6097, 13102, 4402, 2818, 102, 4297, 1012, 102]",10
892,"[7751, 102, 18106, 102]",4
893,"[7751, 102, 4078, 10196, 2121, 102]",6
894,"[7751, 102, 19337, 18743, 102, 4007, 102]",7
895,"[7751, 102, 19493, 102, 4007, 102]",6
896,"[7751, 102, 11588, 102, 1041, 2546, 2595, 102]",8
897,"[7751, 102, 18106, 102]",4
898,"[7751, 102, 19493, 102]",4
899,"[7751, 102, 21058, 2638, 102, 4007, 102]",7
900,"[7751, 102, 2004, 7685, 2099, 102, 2865, 102]",8
901,"[7751, 102, 10927, 2078, 15500, 102]",6
902,"[7751, 102, 8412, 1011, 4620, 1011, 3617, 1011, 4024, 102]",10
903,"[7751, 102, 19493, 102, 4007, 102]",6
904,"[7751, 102, 21260, 102, 1006, 102, 4007, 102, 1007, 102]",10
905,"[7751, 102, 1041, 12792, 3771, 102]",6
906,"[7751, 102, 19493, 102]",4
907,"[7751, 102, 19493, 102, 4007, 102]",6
908,"[7751, 102, 8894, 102, 4007, 102]",6
909,"[7751, 102, 13012, 102, 19962, 24395, 102]",7
910,"[7751, 102, 18106, 102]",4
911,"[7751, 102, 3959, 11266, 7474, 102, 9123, 102]",8
912,"[7751, 102, 19493, 102, 4007, 102]",6
913,"[7751, 102, 10047, 22974, 13455, 102]",6
914,"[7751, 102, 19493, 102]",4
915,"[7751, 102, 2191, 27275, 102, 999, 102]",7
916,"[7751, 102, 19493, 102, 4007, 102]",6
917,"[7751, 102, 19493, 102, 4007, 102]",6
918,"[7751, 102, 11240, 2072, 1011, 6786, 1011, 4297, 102, 1012, 102]",11
919,"[7751, 102, 3795, 1011, 4007, 1011, 4640, 1011, 2167, 1011, 2637, 1011, 4297, 102]",14
920,"[7751, 102, 11240, 2072, 102]",5
921,"[7751, 102, 24031, 102]",4
922,"[7751, 102, 19493, 102, 4007, 102]",6
923,"[7751, 102, 18106, 102]",4
924,"[7751, 102, 19493, 102]",4
925,"[7751, 102, 7832, 102, 4024, 102]",6
926,"[7751, 102, 19493, 102, 4007, 102]",6
927,"[7751, 102, 8894, 102, 4007, 102]",6
928,"[7751, 102, 19493, 102]",4
929,"[7751, 102, 12133, 1012, 4012, 102]",6
930,"[7751, 102, 18106, 102]",4
931,"[7751, 102, 3617, 1011, 12257, 1011, 4297, 102, 1012, 102]",10
932,"[7751, 102, 7473, 102, 5906, 102]",6
933,"[7751, 102, 19493, 102]",4
934,"[7751, 102, 25462, 102, 4007, 102]",6
935,"[7751, 102, 4563, 2140, 102]",5
936,"[7751, 102, 19493, 102]",4
937,"[7751, 102, 25353, 2386, 26557, 102]",6
938,"[7751, 102, 3265, 102, 4007, 102]",6
939,"[7751, 102, 13827, 102]",4
940,"[7751, 102, 7838, 102, 3784, 102]",6
941,"[7751, 102, 4773, 3217, 4140, 102, 4007, 102]",8
942,"[7751, 102, 7861, 2098, 2401, 102]",6
943,"[7751, 102, 16562, 1011, 1997, 1011, 2637, 1011, 4297, 102, 1012, 102]",12
944,"[7751, 102, 19493, 102, 4007, 102]",6
945,"[7751, 102, 9666, 8059, 102, 4640, 102]",7
946,"[7751, 102, 19493, 102, 4007, 102]",6
947,"[7751, 102, 10927, 2078, 15500, 102, 4007, 102]",8
948,"[7751, 102, 19493, 102, 4007, 102]",6
949,"[7751, 102, 2004, 7685, 2099, 102, 2865, 102]",8
950,"[7751, 102, 6207, 102]",4
951,"[7751, 102, 12702, 13102, 4140, 102, 5183, 1012, 102]",9
952,"[7751, 102, 19212, 102, 4297, 1012, 102]",7
953,"[7751, 102, 2358, 25377, 6499, 6199, 102, 4297, 1012, 102]",10
954,"[7751, 102, 18106, 1011, 2495, 1011, 3482, 102]",8
955,"[7751, 102, 10047, 5332, 102]",5
956,"[7751, 102, 6207, 102]",4
957,"[7751, 102, 10878, 102, 4007, 102]",6
958,"[7751, 102, 21058, 2638, 102, 4007, 102]",7
959,"[7751, 102, 2358, 25377, 6499, 6199, 102, 4297, 1012, 102]",10
960,"[7751, 102, 7861, 2098, 2401, 102]",6
961,"[7751, 102, 8412, 102, 2865, 102]",6
962,"[7751, 102, 8412, 1011, 3784, 1011, 4024, 102]",8
963,"[7751, 102, 19962, 3388, 1011, 8139, 1011, 4297, 102, 1012, 102]",11
964,"[7751, 102, 2082, 102, 4224, 102]",6
965,"[7751, 102, 26007, 102]",4
966,"[7751, 102, 3795, 1011, 5821, 1011, 5826, 102]",8
967,"[7751, 102, 22953, 4063, 27265, 102]",6
968,"[7751, 102, 6970, 17258, 8780, 102]",6
969,"[7751, 102, 9944, 28014, 102]",5
970,"[7751, 102, 7619, 102, 4007, 102]",6
971,"[7751, 102, 7832, 102, 4024, 102]",6
972,"[7751, 102, 2033, 1011, 2205, 1011, 4007, 102]",8
973,"[7751, 102, 7619, 102, 4007, 102]",6
974,"[7751, 102, 8412, 102, 2865, 102]",6
975,"[7751, 102, 7619, 102, 4007, 102]",6
976,"[7751, 102, 2061, 2015, 102, 28041, 102]",7
977,"[7751, 102, 1038, 2989, 102]",5
978,"[7751, 102, 13970, 18715, 2050, 102]",6
979,"[7751, 102, 6207, 102, 3274, 102]",6
980,"[7751, 102, 2004, 7685, 2099, 102, 2865, 102]",8
981,"[7751, 102, 7832, 102, 4024, 102]",6
982,"[7751, 102, 2373, 1011, 2006, 1011, 4007, 102]",8
983,"[7751, 102, 1040, 6767, 102, 9926, 102]",7
984,"[7751, 102, 3809, 102, 3894, 102]",6
985,"[7751, 102, 16137, 4226, 102, 4640, 102]",7
986,"[7751, 102, 14233, 4059, 102, 1006, 102, 24031, 102, 1007, 102]",11
987,"[7751, 102, 1041, 26393, 102]",5
988,"[7751, 102, 1041, 4492, 2401, 102, 3840, 102]",8
989,"[7751, 102, 7832, 102, 4024, 102]",6
990,"[7751, 102, 2373, 102, 2537, 102]",6
991,"[7751, 102, 7832, 102, 4024, 102]",6
992,"[7751, 102, 2345, 102, 4433, 102]",6
993,"[7751, 102, 20014, 14663, 102]",5
994,"[7751, 102, 11173, 102]",4
995,"[7751, 102, 6207, 102]",4
996,"[7751, 102, 2082, 102, 4224, 102]",6
997,"[7751, 102, 6207, 102]",4
998,"[7751, 102, 4083, 102, 2194, 102]",6
999,"[7751, 102, 4773, 3217, 4140, 102, 4007, 102]",8
1000,"[7751, 102, 3617, 102, 8489, 102]",6
1001,"[7751, 102, 19493, 102, 4007, 102]",6
1002,"[7751, 102, 21058, 2638, 102, 4007, 102]",7
1003,"[7751, 102, 6207, 102]",4
1004,"[7751, 102, 3265, 102, 4007, 102]",6
1005,"[7751, 102, 9033, 8671, 4173, 1011, 4007, 1011, 5183, 102, 1012, 102]",12
1006,"[7751, 102, 19493, 102]",4
1007,"[7751, 102, 5099, 102, 9123, 102]",6
1008,"[7751, 102, 25353, 2386, 26557, 102]",6
1009,"[7751, 102, 13012, 102, 19962, 24395, 102]",7
1010,"[7751, 102, 20996, 9048, 2080, 102]",6
1011,"[7751, 102, 6207, 102]",4
1012,"[7751, 102, 11588, 102, 1041, 2546, 2595, 102]",8
1013,"[7751, 102, 19493, 102]",4
1014,"[7751, 102, 19493, 102]",4
1015,"[7751, 102, 9599, 102]",4
1016,"[7751, 102, 7832, 102, 4024, 102]",6
1017,"[7751, 102, 7832, 102, 4024, 102]",6
1018,"[7751, 102, 19493, 102]",4
1019,"[7751, 102, 9033, 8671, 4173, 1011, 4007, 1011, 5183, 102, 1012, 102]",12
1020,"[7751, 102, 19493, 102, 4007, 102]",6
1021,"[7751, 102, 3265, 102, 4007, 102]",6
1022,"[7751, 102, 25462, 102, 4007, 102]",6
1023,"[7751, 102, 19493, 102, 4007, 102]",6
1024,"[7751, 102, 8595, 102, 999, 102, 4007, 102]",8
1025,"[7751, 102, 1041, 1011, 14163, 102]",6
1026,"[7751, 102, 2345, 102, 4433, 102]",6
1027,"[7751, 102, 19493, 102]",4
1028,"[7751, 102, 7861, 2098, 2401, 102]",6
1029,"[7751, 102, 19493, 102, 4007, 102]",6
1030,"[7751, 102, 2345, 102, 4433, 102]",6
1031,"[7751, 102, 19493, 102, 4007, 102]",6
1032,"[7751, 102, 9599, 102]",4
1033,"[7751, 102, 19493, 102, 4007, 102]",6
1034,"[7751, 102, 19493, 102, 4007, 102]",6
1035,"[7751, 102, 2314, 26095, 2361, 102]",6
1036,"[7751, 102, 19493, 102]",4
1037,"[7751, 102, 19493, 102]",4
1038,"[7751, 102, 19493, 102, 4007, 102]",6
1039,"[7751, 102, 19493, 102]",4
1040,"[7751, 102, 19493, 102, 4007, 102]",6
1041,"[7751, 102, 19493, 102]",4
1042,"[7751, 102, 21058, 2638, 102, 4007, 102]",7
1043,"[7751, 102, 19493, 102]",4
1044,"[7751, 102, 19493, 102, 4007, 102]",6
1045,"[7751, 102, 19493, 102]",4
1046,"[7751, 102, 2314, 26095, 2361, 102]",6
1047,"[7751, 102, 19493, 102]",4
1048,"[7751, 102, 19493, 102]",4
1049,"[7751, 102, 19493, 102, 4007, 102]",6
1050,"[7751, 102, 19493, 102]",4
1051,"[7751, 102, 19493, 102, 4007, 102]",6
1052,"[7751, 102, 4083, 102, 2194, 102]",6
1053,"[7751, 102, 19493, 102]",4
1054,"[7751, 102, 19493, 102, 4007, 102]",6
1055,"[7751, 102, 19493, 102, 4007, 102]",6
1056,"[7751, 102, 19493, 102, 4007, 102]",6
1057,"[7751, 102, 24209, 17007, 102]",5
1058,"[7751, 102, 4372, 14876, 7874, 102, 4007, 102]",8
1059,"[7751, 102, 24209, 17007, 102]",5
1060,"[7751, 102, 19493, 102, 4007, 102]",6
1061,"[7751, 102, 2951, 18866, 102]",5
1062,"[7751, 102, 19493, 102, 4007, 102]",6
1063,"[7751, 102, 13030, 102, 2458, 102, 13058, 102]",8
1064,"[7751, 102, 19493, 102, 4007, 102]",6
1065,"[7751, 102, 6970, 13068, 102]",5
1066,"[7751, 102, 19493, 102, 4007, 102]",6
1067,"[7751, 102, 16215, 4160, 102]",5
1068,"[7751, 102, 19493, 102, 4007, 102]",6
1069,"[7751, 102, 19493, 102, 4007, 102]",6
1070,"[7751, 102, 12367, 17592, 102]",5
1071,"[7751, 102, 2002, 13668, 6582, 102, 24100, 102]",8
1072,"[7751, 102, 19493, 102, 4007, 102]",6
1073,"[7751, 102, 14910, 5063, 3560, 102, 4024, 102]",8
1074,"[7751, 102, 19493, 102, 4007, 102]",6
1075,"[7751, 102, 20116, 16409, 102]",5
1076,"[7751, 102, 19493, 102, 4007, 102]",6
1077,"[7751, 102, 4654, 25808, 2483, 102]",6
1078,"[7751, 102, 19493, 102, 4007, 102]",6
1079,"[7751, 102, 4078, 10196, 2121, 102, 4297, 102]",8
1080,"[7751, 102, 19493, 102, 4007, 102]",6
1081,"[7751, 102, 3044, 1011, 12702, 1011, 4007, 102]",8
1082,"[7751, 102, 4372, 14876, 7874, 102, 4007, 102]",8
1083,"[7751, 102, 6846, 102, 2458, 102]",6
1084,"[7751, 102, 2314, 26095, 2361, 102]",6
1085,"[7751, 102, 2489, 16070, 102, 4007, 102]",7
1086,"[7751, 102, 19493, 102, 4007, 102]",6
1087,"[7751, 102, 21025, 2102, 102, 13058, 102]",7
1088,"[7751, 102, 4654, 25808, 2483, 102]",6
1089,"[7751, 102, 1041, 1011, 14163, 102]",6
1090,"[7751, 102, 2004, 7685, 2099, 102, 2865, 102]",8
1091,"[7751, 102, 6207, 102]",4
1092,"[7751, 102, 2004, 7685, 2099, 102, 2865, 102]",8
1093,"[7751, 102, 6207, 102, 3274, 102]",6
1094,"[7751, 102, 20010, 3406, 1011, 6786, 1011, 4297, 102]",9
1095,"[7751, 102, 2035, 17897, 102]",5
1096,"[7751, 102, 6207, 102]",4
1097,"[7751, 102, 4773, 3217, 4140, 102, 4007, 102]",8
1098,"[7751, 102, 2004, 7685, 2099, 102, 2865, 102]",8
1099,"[7751, 102, 4773, 3217, 4140, 102, 4007, 102]",8
1100,"[7751, 102, 21862, 18277, 102, 3001, 102]",7
1101,"[7751, 102, 14233, 4059, 102]",5
1102,"[7751, 102, 4078, 10196, 2121, 102, 4640, 102]",8
1103,"[7751, 102, 21058, 2638, 102, 4007, 102]",7
1104,"[7751, 102, 9666, 8059, 102, 4640, 102]",7
1105,"[7751, 102, 8595, 102, 999, 102, 4007, 102]",8
1106,"[7751, 102, 16729, 2094, 1011, 6786, 1011, 4297, 102, 1012, 102]",11
1107,"[7751, 102, 4372, 14876, 7874, 102, 4007, 102]",8
1108,"[7751, 102, 2489, 16070, 102, 4007, 102]",7
1109,"[7751, 102, 6097, 6499, 6199, 102]",6
1110,"[7751, 102, 19493, 102, 4007, 102]",6
1111,"[7751, 102, 6207, 102]",4
1112,"[7751, 102, 6097, 6499, 6199, 102]",6
1113,"[7751, 102, 6207, 1011, 3274, 102, 1011, 102, 1006, 102, 3622, 102, 1007, 102]",14
1114,"[7751, 102, 4773, 3217, 4140, 102, 4007, 102]",8
1115,"[7751, 102, 8595, 102, 999, 102, 4007, 102]",8
1116,"[7751, 102, 3044, 1011, 12702, 1011, 4007, 102]",8
1117,"[7751, 102, 19493, 102]",4
1118,"[7751, 102, 18106, 102]",4
1119,"[7751, 102, 6207, 102]",4
1120,"[7751, 102, 16176, 1011, 9273, 1011, 2865, 1011, 4297, 102, 1012, 102]",12
1121,"[7751, 102, 16176, 1011, 9273, 1011, 2865, 1011, 4297, 102, 1012, 102]",12
1122,"[7751, 102, 6207, 102]",4
1123,"[7751, 102, 19337, 18743, 102, 4007, 102]",7
1124,"[7751, 102, 2191, 27275, 102, 999, 102]",7
1125,"[7751, 102, 18106, 102]",4
1126,"[7751, 102, 16176, 1011, 9273, 1011, 2865, 1011, 4297, 102, 1012, 102]",12
1127,"[7751, 102, 14233, 4059, 102]",5
1128,"[7751, 102, 18062, 10993, 2239, 102]",6
1129,"[7751, 102, 13827, 102]",4
1130,"[7751, 102, 18106, 102]",4
1131,"[7751, 102, 2373, 102, 2537, 102]",6
1132,"[7751, 102, 2004, 7685, 2099, 102, 2865, 102]",8
1133,"[7751, 102, 6207, 102, 3274, 102]",6
1134,"[7751, 102, 8348, 102]",4
1135,"[7751, 102, 1044, 102, 1004, 102, 1054, 102, 3796, 102]",10
1136,"[7751, 102, 2865, 14876, 3126, 102, 3840, 102]",8
1137,"[7751, 102, 14233, 4059, 1011, 2865, 1011, 6786, 102]",9
1138,"[7751, 102, 5870, 102, 4743, 102]",6
1139,"[7751, 102, 9850, 17122, 102]",5
1140,"[7751, 102, 22834, 4168, 3654, 102]",6
1141,"[7751, 102, 6207, 102]",4
1142,"[7751, 102, 18106, 102]",4
1143,"[7751, 102, 6121, 14773, 2015, 102]",6
1144,"[7751, 102, 12997, 8485, 27275, 102]",6
1145,"[7751, 102, 7513, 102]",4
1146,"[7751, 102, 3795, 1011, 5821, 1011, 5826, 102]",8
1147,"[7751, 102, 4078, 10196, 2121, 102]",6
1148,"[7751, 102, 9033, 8671, 4173, 1011, 4007, 1011, 5183, 102, 1012, 102]",12
1149,"[7751, 102, 2489, 16070, 102, 4007, 102]",7
1150,"[7751, 102, 21025, 2102, 102, 13058, 102]",7
1151,"[7751, 102, 19493, 102]",4
1152,"[7751, 102, 8389, 1011, 24710, 1011, 3840, 102]",8
1153,"[7751, 102, 3795, 1011, 5821, 1011, 5826, 102]",8
1154,"[7751, 102, 7861, 2098, 2401, 102]",6
1155,"[7751, 102, 21260, 102]",4
1156,"[7751, 102, 21058, 2638, 102, 4007, 102]",7
1157,"[7751, 102, 3044, 1011, 12702, 1011, 4007, 102]",8
1158,"[7751, 102, 2489, 16070, 102, 4007, 102]",7
1159,"[7751, 102, 24524, 2080, 102, 3915, 102]",7
1160,"[7751, 102, 6207, 102, 3274, 102]",6
1161,"[7751, 102, 21862, 18277, 102, 3001, 102]",7
1162,"[7751, 102, 9587, 8525, 102]",5
1163,"[7751, 102, 21862, 18277, 102, 3001, 102]",7
1164,"[7751, 102, 9033, 8671, 4173, 1011, 4007, 1011, 5183, 102, 1012, 102]",12
1165,"[7751, 102, 10381, 4948, 2891, 102, 1048, 1012, 1039, 1012, 102]",11
1166,"[7751, 102, 9850, 17122, 102]",5
1167,"[7751, 102, 12702, 18900, 102]",5
1168,"[7751, 102, 9033, 8671, 4173, 1011, 4007, 1011, 5183, 102, 1012, 102]",12
1169,"[7751, 102, 6846, 102, 2458, 102]",6
1170,"[7751, 102, 14233, 4059, 102]",5
1171,"[7751, 102, 21862, 18277, 102, 3001, 102]",7
1172,"[7751, 102, 25353, 2386, 26557, 102]",6
1173,"[7751, 102, 21025, 2102, 102, 13058, 102]",7
1174,"[7751, 102, 18106, 102]",4
1175,"[7751, 102, 6207, 102, 3274, 102]",6
1176,"[7751, 102, 5300, 15794, 102]",5
1177,"[7751, 102, 7513, 102]",4
1178,"[7751, 102, 18720, 1011, 2189, 1011, 4297, 102, 1012, 102]",10
1179,"[7751, 102, 12702, 13102, 4140, 102, 5183, 102]",8
1180,"[7751, 102, 13827, 102]",4
1181,"[7751, 102, 5870, 102, 4743, 102]",6
1182,"[7751, 102, 21058, 2638, 102, 4007, 102]",7
1183,"[7751, 102, 2004, 7685, 2099, 102, 2865, 102]",8
1184,"[7751, 102, 3795, 102, 5821, 102]",6
1185,"[7751, 102, 19493, 102]",4
1186,"[7751, 102, 18106, 102]",4
1187,"[7751, 102, 19493, 102, 4007, 102]",6
1188,"[7751, 102, 21058, 2638, 102, 4007, 102]",7
1189,"[7751, 102, 6846, 102, 2458, 102]",6
1190,"[7751, 102, 8595, 102, 999, 102, 4007, 102]",8
1191,"[7751, 102, 2004, 7685, 2099, 102, 2865, 102]",8
1192,"[7751, 102, 22432, 7959, 2063, 102]",6
1193,"[7751, 102, 21058, 2638, 102, 4007, 102]",7
1194,"[7751, 102, 20996, 9048, 2080, 102]",6
1195,"[7751, 102, 8595, 102, 999, 102, 4007, 102]",8
1196,"[7751, 102, 3265, 102]",4
1197,"[7751, 102, 7861, 2098, 2401, 102]",6
1198,"[7751, 102, 20014, 14663, 102]",5
1199,"[7751, 102, 18106, 1011, 2495, 1011, 3482, 102]",8
1200,"[7751, 102, 2004, 7685, 2099, 102, 2865, 102]",8
1201,"[7751, 102, 9666, 8059, 102, 4640, 102]",7
1202,"[7751, 102, 16176, 1011, 9273, 1011, 2865, 1011, 4297, 102, 1012, 102]",12
1203,"[7751, 102, 4563, 102, 4083, 102]",6
1204,"[7751, 102, 9666, 8059, 102, 4640, 102]",7
1205,"[7751, 102, 12702, 18900, 102]",5
1206,"[7751, 102, 20014, 20265, 102]",5
1207,"[7751, 102, 21862, 18277, 102, 3001, 102]",7
1208,"[7751, 102, 11748, 26658, 6199, 102]",6
1209,"[7751, 102, 2082, 102, 4224, 102]",6
1210,"[7751, 102, 7832, 102, 4024, 102]",6
1211,"[7751, 102, 4607, 19620, 102, 4297, 1012, 102, 1012, 102]",10
1212,"[7751, 102, 7832, 102, 4024, 102]",6
1213,"[7751, 102, 7513, 102]",4
1214,"[7751, 102, 2082, 102, 4224, 102]",6
1215,"[7751, 102, 7513, 102]",4
1216,"[7751, 102, 6097, 8059, 102]",5
1217,"[7751, 102, 2004, 7685, 2099, 102, 2865, 102]",8
1218,"[7751, 102, 19557, 7874, 102]",5
1219,"[7751, 102, 18993, 102, 9123, 102]",6
1220,"[7751, 102, 2288, 102, 2208, 102]",6
1221,"[7751, 102, 4563, 2140, 102]",5
1222,"[7751, 102, 13316, 6499, 6199, 102]",6
1223,"[7751, 102, 3884, 2099, 102, 4007, 102]",7
1224,"[7751, 102, 21260, 102, 1006, 102, 4007, 102, 1007, 102]",10
1225,"[7751, 102, 8412, 1011, 4620, 1011, 3617, 1011, 4024, 102]",10
1226,"[7751, 102, 2061, 2015, 1011, 28041, 1011, 2194, 102]",9
1227,"[7751, 102, 8412, 1011, 2865, 1011, 4007, 102]",8
1228,"[7751, 102, 20022, 102, 2865, 102]",6
1229,"[7751, 102, 4007, 102, 5988, 102]",6
1230,"[7751, 102, 2424, 10288, 102]",5
1231,"[7751, 102, 18106, 102]",4
1232,"[7751, 102, 8412, 102, 2865, 102]",6
1233,"[7751, 102, 7832, 102, 4024, 102]",6
1234,"[7751, 102, 6207, 102]",4
1235,"[7751, 102, 18106, 1011, 2495, 1011, 3482, 102]",8
1236,"[7751, 102, 9850, 17122, 102]",5
1237,"[7751, 102, 1040, 6767, 102, 9926, 102]",7
1238,"[7751, 102, 8412, 102, 2865, 102]",6
1239,"[7751, 102, 14100, 102, 2865, 102]",6
1240,"[7751, 102, 8412, 1011, 4620, 1011, 3617, 1011, 4024, 102]",10
1241,"[7751, 102, 2053, 4135, 102, 2811, 102]",7
1242,"[7751, 102, 10878, 102, 4007, 102]",6
1243,"[7751, 102, 2004, 7685, 2099, 102, 2865, 102]",8
1244,"[7751, 102, 10878, 102, 4007, 102]",6
1245,"[7751, 102, 3795, 1011, 4007, 1011, 4640, 1011, 2167, 1011, 2637, 1011, 4297, 102]",14
1246,"[7751, 102, 10878, 102, 4007, 102]",6
1247,"[7751, 102, 7832, 102, 4024, 102]",6
1248,"[7751, 102, 8412, 102, 2865, 102]",6
1249,"[7751, 102, 21260, 102, 1006, 102, 4007, 102, 1007, 102]",10
1250,"[7751, 102, 7861, 2098, 2401, 102]",6
1251,"[7751, 102, 18106, 102]",4
1252,"[7751, 102, 4007, 102, 5988, 102]",6
1253,"[7751, 102, 11588, 102, 1041, 2546, 2595, 102]",8
1254,"[7751, 102, 3795, 1011, 4007, 1011, 4640, 102]",8
1255,"[7751, 102, 8412, 102]",4
1256,"[7751, 102, 1016, 2243, 102, 2399, 102]",7
1257,"[7751, 102, 3265, 102, 4007, 102]",6
1258,"[7751, 102, 8595, 102, 999, 102, 4007, 102]",8
1259,"[7751, 102, 19493, 102]",4
1260,"[7751, 102, 21260, 102, 1006, 102, 4007, 102, 1007, 102]",10
1261,"[7751, 102, 4563, 2140, 102]",5
1262,"[7751, 102, 18106, 102]",4
1263,"[7751, 102, 6097, 8059, 102]",5
1264,"[7751, 102, 8595, 102, 999, 102, 4007, 102]",8
1265,"[7751, 102, 3959, 11266, 7474, 102, 9123, 102]",8
1266,"[7751, 102, 8412, 1011, 4620, 1011, 3617, 1011, 4024, 102]",10
1267,"[7751, 102, 9666, 8059, 102, 4640, 102]",7
1268,"[7751, 102, 8412, 102, 2865, 102]",6
1269,"[7751, 102, 8595, 102, 999, 102, 4007, 102]",8
1270,"[7751, 102, 23848, 7646, 102, 4024, 102]",7
1271,"[7751, 102, 21862, 18277, 102, 3001, 102]",7
1272,"[7751, 102, 8595, 102, 999, 102, 4007, 102]",8
1273,"[7751, 102, 18106, 102]",4
1274,"[7751, 102, 2489, 16070, 102, 4007, 102]",7
1275,"[7751, 102, 8595, 102, 999, 102, 4007, 102]",8
1276,"[7751, 102, 3265, 102, 4007, 102]",6
1277,"[7751, 102, 24326, 1011, 10766, 1011, 4007, 102]",8
1278,"[7751, 102, 3795, 1011, 5821, 1011, 5826, 102]",8
1279,"[7751, 102, 24326, 1011, 10766, 1011, 4007, 102]",8
1280,"[7751, 102, 19557, 7874, 102]",5
1281,"[7751, 102, 24326, 1011, 10766, 1011, 4007, 102]",8
1282,"[7751, 102, 18106, 102]",4
1283,"[7751, 102, 15125, 2080, 102]",5
1284,"[7751, 102, 8595, 102, 999, 102, 4007, 102]",8
1285,"[7751, 102, 18993, 102, 9123, 102]",6
1286,"[7751, 102, 4773, 3217, 4140, 102, 4007, 102]",8
1287,"[7751, 102, 8595, 102, 999, 102, 4007, 102]",8
1288,"[7751, 102, 13316, 102, 3730, 102]",6
1289,"[7751, 102, 6846, 102, 2458, 102]",6
1290,"[7751, 102, 8595, 102, 999, 102, 4007, 102]",8
1291,"[7751, 102, 24031, 102]",4
1292,"[7751, 102, 7513, 102]",4
1293,"[7751, 102, 3265, 102, 4007, 102]",6
1294,"[7751, 102, 3716, 102, 6172, 102]",6
1295,"[7751, 102, 10927, 2078, 15500, 102, 4007, 102]",8
1296,"[7751, 102, 10047, 22974, 13455, 102]",6
1297,"[7751, 102, 2424, 10288, 1012, 4012, 102, 4297, 102]",9
1298,"[7751, 102, 19557, 7874, 102]",5
1299,"[7751, 102, 7832, 102, 4024, 102]",6
1300,"[7751, 102, 8412, 1011, 4620, 1011, 3617, 1011, 4024, 102]",10
1301,"[7751, 102, 3795, 1011, 5821, 1011, 5826, 102]",8
1302,"[7751, 102, 19493, 102]",4
1303,"[7751, 102, 19493, 102]",4
1304,"[7751, 102, 1024, 102, 4888, 102]",6
1305,"[7751, 102, 7513, 102, 4007, 102]",6
1306,"[7751, 102, 7861, 2098, 2401, 102]",6
1307,"[7751, 102, 10927, 2078, 15500, 102]",6
1308,"[7751, 102, 20014, 14663, 102]",5
1309,"[7751, 102, 24031, 102]",4
1310,"[7751, 102, 3274, 102, 9228, 102]",6
1311,"[7751, 102, 4224, 102, 13625, 102]",6
1312,"[7751, 102, 3377, 102, 14959, 102]",6
1313,"[7751, 102, 4563, 102, 4083, 102]",6
1314,"[7751, 102, 2004, 7685, 2099, 102, 2865, 102]",8
1315,"[7751, 102, 16137, 4226, 102, 4640, 102]",7
1316,"[7751, 102, 19557, 7874, 102]",5
1317,"[7751, 102, 2424, 10288, 102]",5
1318,"[7751, 102, 2314, 26095, 2361, 102]",6
1319,"[7751, 102, 3795, 1011, 5821, 1011, 5826, 102]",8
1320,"[7751, 102, 7832, 102, 4024, 102]",6
1321,"[7751, 102, 7832, 102, 4024, 102]",6
1322,"[7751, 102, 18106, 102]",4
1323,"[7751, 102, 7832, 102, 4024, 102]",6
1324,"[7751, 102, 19493, 102, 4007, 102]",6
1325,"[7751, 102, 3972, 2953, 4168, 102]",6
1326,"[7751, 102, 3716, 102, 6172, 102]",6
1327,"[7751, 102, 5656, 102, 2034, 102]",6
1328,"[7751, 102, 2061, 2015, 1011, 28041, 1011, 2194, 102]",9
1329,"[7751, 102, 7832, 102, 4024, 102]",6
1330,"[7751, 102, 21058, 2638, 102, 4007, 102]",7
1331,"[7751, 102, 9666, 8059, 102, 4640, 102]",7
1332,"[7751, 102, 7861, 2098, 2401, 102]",6
1333,"[7751, 102, 4078, 10196, 2121, 102]",6
1334,"[7751, 102, 18106, 102]",4
1335,"[7751, 102, 22265, 6499, 6199, 102, 3840, 102]",8
1336,"[7751, 102, 3972, 2953, 4168, 102]",6
1337,"[7751, 102, 19212, 102, 4297, 1012, 102]",7
1338,"[7751, 102, 9666, 8059, 102, 4640, 102]",7
1339,"[7751, 102, 2995, 1011, 2167, 1011, 2974, 1011, 4297, 102, 1012, 102]",12
1340,"[7751, 102, 2191, 27275, 102, 999, 102]",7
1341,"[7751, 102, 7832, 102, 4024, 102]",6
1342,"[7751, 102, 2653, 1011, 3330, 1011, 2522, 1011, 11775, 102]",10
1343,"[7751, 102, 20116, 16409, 102]",5
1344,"[7751, 102, 16137, 4226, 102, 4640, 102]",7
1345,"[7751, 102, 3716, 102, 6172, 102]",6
1346,"[7751, 102, 20116, 16409, 102]",5
1347,"[7751, 102, 7832, 102, 2495, 102]",6
1348,"[7751, 102, 1040, 6767, 102, 9926, 102]",7
1349,"[7751, 102, 18106, 102]",4
1350,"[7751, 102, 19557, 7874, 102]",5
1351,"[7751, 102, 6152, 102, 4640, 102]",6
1352,"[7751, 102, 2327, 8059, 102, 9123, 102]",7
1353,"[7751, 102, 7832, 102, 4024, 102]",6
1354,"[7751, 102, 2004, 7685, 2099, 102, 2865, 102]",8
1355,"[7751, 102, 9666, 8059, 102, 4640, 102]",7
1356,"[7751, 102, 3959, 11266, 7474, 102, 9123, 102]",8
1357,"[7751, 102, 23848, 7646, 102, 4024, 102]",7
1358,"[7751, 102, 18106, 102]",4
1359,"[7751, 102, 2082, 102, 4224, 102]",6
1360,"[7751, 102, 16371, 6651, 1011, 4806, 1011, 4297, 102, 1012, 102]",11
1361,"[7751, 102, 21862, 18277, 102, 3001, 102]",7
1362,"[7751, 102, 6846, 102, 2458, 102]",6
