id,year
0,0.0
1,0.17885830866296862
2,0.0
3,0.0
4,0.0
5,0.17885830866296862
6,0.0
7,0.17885830866296862
8,-0.17162853520200194
9,0.0
10,0.0
11,-0.17162853520200194
12,0.0
13,-0.17162853520200194
14,0.0
15,0.0
16,0.17885830866296862
17,0.0
18,0.17885830866296862
19,0.17885830866296862
20,0.0
21,0.17885830866296862
22,0.17885830866296862
23,0.0
24,0.0
25,0.17885830866296862
26,0.0
27,0.0
28,0.0
29,0.0
30,0.17885830866296862
31,0.0
32,0.0
33,0.17885830866296862
34,0.0
35,0.0
36,0.17885830866296862
37,0.17885830866296862
38,0.17885830866296862
39,0.0
40,0.17885830866296862
41,0.0
42,0.0
43,0.17885830866296862
44,0.17885830866296862
45,0.17885830866296862
46,0.17885830866296862
47,0.0
48,0.0
49,0.17885830866296862
50,0.0
51,0.0
52,0.17885830866296862
53,0.0
54,0.17885830866296862
55,0.0
56,0.17885830866296862
57,0.0
58,0.17885830866296862
59,0.0
60,0.0
61,0.17885830866296862
62,0.17885830866296862
63,0.17885830866296862
64,0.0
65,0.5293451525279391
66,0.5293451525279391
67,0.0
68,0.0
69,0.0
70,0.5293451525279391
71,0.5293451525279391
72,0.0
73,0.0
74,0.0
75,0.5293451525279391
76,0.5293451525279391
77,0.0
78,0.0
79,0.5293451525279391
80,0.17885830866296862
81,0.0
82,0.0
83,0.0
84,0.17885830866296862
85,0.17885830866296862
86,0.17885830866296862
87,0.0
88,0.17885830866296862
89,0.17885830866296862
90,0.0
91,0.17885830866296862
92,0.0
93,0.17885830866296862
94,0.0
95,0.0
96,0.17885830866296862
97,0.17885830866296862
98,0.0
99,0.0
100,0.17885830866296862
101,0.0
102,0.17885830866296862
103,0.0
104,0.17885830866296862
105,0.0
106,0.0
107,0.17885830866296862
108,0.17885830866296862
109,0.0
110,0.0
111,0.17885830866296862
112,0.0
113,0.0
114,0.0
115,-0.17162853520200194
116,0.17885830866296862
117,0.0
118,0.0
119,-0.17162853520200194
120,0.0
121,0.0
122,0.0
123,0.17885830866296862
124,0.17885830866296862
125,0.17885830866296862
126,0.0
127,0.17885830866296862
128,0.0
129,0.0
130,0.0
131,-0.5221153790669725
132,0.0
133,0.0
134,0.0
135,-0.17162853520200194
136,0.0
137,0.0
138,-0.17162853520200194
139,-0.17162853520200194
140,-0.17162853520200194
141,-0.17162853520200194
142,0.0
143,-0.17162853520200194
144,0.0
145,-0.17162853520200194
146,0.0
147,-0.17162853520200194
148,0.0
149,-0.17162853520200194
150,-0.17162853520200194
151,0.0
152,0.0
153,0.0
154,0.0
155,-0.17162853520200194
156,0.0
157,-0.17162853520200194
158,-0.17162853520200194
159,0.0
160,0.0
161,0.0
162,0.0
163,0.0
164,-0.17162853520200194
165,0.0
166,-0.17162853520200194
167,0.0
168,-0.17162853520200194
169,0.0
170,-0.17162853520200194
171,-0.17162853520200194
172,-0.17162853520200194
173,-0.17162853520200194
174,-0.17162853520200194
175,0.0
176,-0.17162853520200194
177,0.0
178,-0.17162853520200194
179,0.0
180,-0.17162853520200194
181,0.0
182,-0.17162853520200194
183,0.0
184,0.0
185,-0.17162853520200194
186,0.0
187,-0.17162853520200194
188,0.0
189,0.0
190,0.0
191,0.0
192,0.0
193,0.17885830866296862
194,0.0
195,0.17885830866296862
196,0.0
197,0.0
198,0.0
199,0.17885830866296862
200,0.17885830866296862
201,0.17885830866296862
202,0.17885830866296862
203,0.17885830866296862
204,0.17885830866296862
205,0.17885830866296862
206,0.0
207,0.17885830866296862
208,0.17885830866296862
209,0.0
210,0.17885830866296862
211,0.0
212,0.0
213,0.0
214,0.17885830866296862
215,0.17885830866296862
216,-0.17162853520200194
217,-0.17162853520200194
218,0.0
219,0.0
220,0.17885830866296862
221,0.0
222,0.0
223,0.17885830866296862
224,0.0
225,-0.17162853520200194
226,0.0
227,0.0
228,0.0
229,0.0
230,-0.17162853520200194
231,0.0
232,-0.17162853520200194
233,0.0
234,0.0
235,-0.872602222931943
236,-0.17162853520200194
237,0.0
238,0.0
239,-0.17162853520200194
240,0.0
241,0.0
242,0.0
243,-0.872602222931943
244,0.0
245,-0.872602222931943
246,-0.872602222931943
247,-0.872602222931943
248,0.0
249,0.0
250,0.0
251,0.0
252,0.0
253,0.0
254,0.0
255,0.0
256,0.0
257,0.8798319963929098
258,0.8798319963929098
259,0.0
260,0.8798319963929098
261,0.0
262,0.0
263,0.0
264,0.0
265,0.8798319963929098
266,0.0
267,0.8798319963929098
268,0.0
269,0.0
270,0.0
271,0.0
272,0.0
273,0.0
274,0.0
275,0.8798319963929098
276,0.0
277,0.8798319963929098
278,0.0
279,0.0
280,0.0
281,0.8798319963929098
282,0.0
283,0.8798319963929098
284,0.0
285,0.8798319963929098
286,0.8798319963929098
287,0.8798319963929098
288,0.8798319963929098
289,0.8798319963929098
290,0.0
291,0.0
292,0.8798319963929098
293,0.0
294,0.8798319963929098
295,0.0
296,0.8798319963929098
297,0.0
298,0.0
299,0.0
300,0.0
301,0.0
302,0.8798319963929098
303,0.0
304,0.8798319963929098
305,0.0
306,0.0
307,0.0
308,0.8798319963929098
309,0.8798319963929098
310,0.0
311,0.0
312,0.0
313,0.8798319963929098
314,0.8798319963929098
315,0.0
316,0.0
317,0.8798319963929098
318,0.8798319963929098
319,0.0
320,0.0
321,-0.872602222931943
322,-0.872602222931943
323,-0.872602222931943
324,0.8798319963929098
325,0.0
326,0.0
327,0.0
328,0.0
329,0.0
330,0.8798319963929098
331,0.0
332,0.8798319963929098
333,0.8798319963929098
334,0.0
335,0.0
336,0.0
337,0.0
338,0.0
339,0.8798319963929098
340,1.2303188402578802
341,0.0
342,0.8798319963929098
343,0.0
344,0.0
345,0.0
346,1.2303188402578802
347,0.0
348,1.2303188402578802
349,0.0
350,0.0
351,0.0
352,0.0
353,0.8798319963929098
354,0.0
355,0.8798319963929098
356,0.0
357,0.8798319963929098
358,0.8798319963929098
359,0.8798319963929098
360,0.0
361,0.0
362,0.8798319963929098
363,0.8798319963929098
364,0.0
365,0.0
366,0.8798319963929098
367,0.8798319963929098
368,0.8798319963929098
369,0.0
370,0.5293451525279391
371,0.5293451525279391
372,0.0
373,-0.872602222931943
374,0.0
375,-0.872602222931943
376,0.0
377,0.0
378,0.0
379,0.0
380,0.0
381,-0.872602222931943
382,0.0
383,0.0
384,0.5293451525279391
385,0.0
386,0.5293451525279391
387,0.5293451525279391
388,0.5293451525279391
389,0.5293451525279391
390,0.5293451525279391
391,0.5293451525279391
392,0.0
393,0.5293451525279391
394,0.0
395,0.5293451525279391
396,0.0
397,0.0
398,0.5293451525279391
399,0.5293451525279391
400,0.5293451525279391
401,0.0
402,0.0
403,0.5293451525279391
404,0.5293451525279391
405,0.5293451525279391
406,0.5293451525279391
407,0.5293451525279391
408,0.5293451525279391
409,0.5293451525279391
410,0.5293451525279391
411,0.5293451525279391
412,0.5293451525279391
413,0.5293451525279391
414,0.5293451525279391
415,0.5293451525279391
416,0.5293451525279391
417,0.5293451525279391
418,0.0
419,0.5293451525279391
420,0.0
421,0.0
422,0.5293451525279391
423,0.5293451525279391
424,0.5293451525279391
425,0.0
426,0.0
427,0.5293451525279391
428,0.0
429,0.0
430,0.5293451525279391
431,0.0
432,0.0
433,0.5293451525279391
434,0.5293451525279391
435,0.5293451525279391
436,0.5293451525279391
437,0.5293451525279391
438,0.0
439,0.5293451525279391
440,0.5293451525279391
441,0.0
442,0.5293451525279391
443,0.5293451525279391
444,0.5293451525279391
445,0.0
446,0.0
447,0.0
448,0.5293451525279391
449,0.0
450,0.0
451,0.5293451525279391
452,0.0
453,0.0
454,0.0
455,0.0
456,0.5293451525279391
457,0.0
458,0.5293451525279391
459,0.0
460,0.0
461,0.0
462,0.5293451525279391
463,0.5293451525279391
464,0.0
465,0.8798319963929098
466,0.8798319963929098
467,0.0
468,0.0
469,0.0
470,0.0
471,0.0
472,0.0
473,0.8798319963929098
474,0.8798319963929098
475,0.5293451525279391
476,0.8798319963929098
477,0.8798319963929098
478,0.8798319963929098
479,0.0
480,0.0
481,0.5293451525279391
482,0.0
483,0.0
484,0.17885830866296862
485,0.17885830866296862
486,0.0
487,0.0
488,0.0
489,0.0
490,0.0
491,0.5293451525279391
492,0.0
493,0.5293451525279391
494,0.0
495,0.0
496,0.0
497,0.5293451525279391
498,0.5293451525279391
499,0.0
500,0.0
501,0.5293451525279391
502,0.5293451525279391
503,0.0
504,0.17885830866296862
505,0.0
506,0.0
507,0.0
508,0.0
509,0.0
510,0.5293451525279391
511,0.0
512,0.0
513,0.0
514,1.2303188402578802
515,1.2303188402578802
516,0.0
517,0.0
518,1.2303188402578802
519,1.2303188402578802
520,1.2303188402578802
521,0.0
522,1.2303188402578802
523,1.2303188402578802
524,1.2303188402578802
525,0.0
526,1.2303188402578802
527,0.0
528,0.0
529,1.2303188402578802
530,1.2303188402578802
531,1.2303188402578802
532,1.2303188402578802
533,0.0
534,0.0
535,1.2303188402578802
536,1.2303188402578802
537,0.0
538,0.0
539,1.2303188402578802
540,0.0
541,0.0
542,1.2303188402578802
543,1.2303188402578802
544,0.8798319963929098
545,0.0
546,0.0
547,0.8798319963929098
548,0.0
549,0.0
550,0.0
551,0.0
552,0.8798319963929098
553,0.8798319963929098
554,0.8798319963929098
555,0.0
556,0.8798319963929098
557,0.8798319963929098
558,0.0
559,0.8798319963929098
560,1.2303188402578802
561,0.0
562,1.2303188402578802
563,1.2303188402578802
564,0.5293451525279391
565,1.2303188402578802
566,0.0
567,0.8798319963929098
568,0.0
569,0.0
570,0.8798319963929098
571,0.0
572,0.0
573,0.0
574,0.8798319963929098
575,0.8798319963929098
576,-1.573575910661884
577,-1.573575910661884
578,-1.573575910661884
579,-1.573575910661884
580,0.0
581,0.0
582,0.0
583,0.0
584,0.0
585,-1.573575910661884
586,0.0
587,0.0
588,0.0
589,-1.573575910661884
590,-1.573575910661884
591,-1.573575910661884
592,0.8798319963929098
593,0.0
594,0.0
595,0.8798319963929098
596,0.0
597,0.8798319963929098
598,0.0
599,0.8798319963929098
600,0.0
601,-1.573575910661884
602,0.0
603,0.8798319963929098
604,0.0
605,0.8798319963929098
606,0.0
607,0.0
608,1.2303188402578802
609,1.2303188402578802
610,0.0
611,1.2303188402578802
612,0.0
613,-1.2230890667969136
614,0.0
615,0.0
616,1.2303188402578802
617,0.0
618,0.0
619,0.0
620,0.0
621,0.0
622,0.0
623,0.0
624,-1.2230890667969136
625,-1.2230890667969136
626,0.0
627,0.0
628,-1.2230890667969136
629,-1.2230890667969136
630,-1.2230890667969136
631,0.0
632,0.0
633,-1.2230890667969136
634,-1.2230890667969136
635,-1.2230890667969136
636,0.0
637,-1.2230890667969136
638,0.0
639,0.0
640,1.2303188402578802
641,0.0
642,0.0
643,0.0
644,1.2303188402578802
645,1.2303188402578802
646,1.2303188402578802
647,1.2303188402578802
648,0.0
649,0.0
650,1.2303188402578802
651,0.0
652,0.0
653,0.0
654,1.2303188402578802
655,1.2303188402578802
656,0.0
657,1.2303188402578802
658,1.2303188402578802
659,0.0
660,0.0
661,0.0
662,1.2303188402578802
663,1.2303188402578802
664,1.2303188402578802
665,1.2303188402578802
666,1.2303188402578802
667,0.0
668,0.0
669,1.2303188402578802
670,1.2303188402578802
671,1.2303188402578802
672,0.0
673,0.0
674,1.2303188402578802
675,1.2303188402578802
676,0.0
677,1.2303188402578802
678,1.2303188402578802
679,1.2303188402578802
680,0.0
681,0.0
682,0.0
683,0.0
684,0.0
685,1.2303188402578802
686,1.2303188402578802
687,0.0
688,1.2303188402578802
689,1.2303188402578802
690,0.0
691,1.2303188402578802
692,0.0
693,0.0
694,1.2303188402578802
695,0.0
696,0.0
697,0.0
698,0.0
699,1.2303188402578802
700,1.2303188402578802
701,0.0
702,1.2303188402578802
703,0.0
704,1.2303188402578802
705,1.2303188402578802
706,0.0
707,0.0
708,0.0
709,0.0
710,1.2303188402578802
711,0.0
712,1.2303188402578802
713,1.2303188402578802
714,1.2303188402578802
715,0.0
716,1.2303188402578802
717,0.0
718,0.0
719,1.2303188402578802
720,0.0
721,1.2303188402578802
722,1.2303188402578802
723,1.2303188402578802
724,1.2303188402578802
725,1.2303188402578802
726,1.2303188402578802
727,0.0
728,1.2303188402578802
729,1.2303188402578802
730,1.2303188402578802
731,0.0
732,1.2303188402578802
733,0.0
734,1.2303188402578802
735,1.2303188402578802
736,1.2303188402578802
737,1.2303188402578802
738,1.2303188402578802
739,1.2303188402578802
740,0.0
741,0.0
742,0.0
743,0.0
744,1.2303188402578802
745,0.0
746,0.0
747,1.2303188402578802
748,1.2303188402578802
749,0.0
750,1.2303188402578802
751,0.0
752,0.0
753,0.0
754,0.0
755,0.0
756,1.2303188402578802
757,1.2303188402578802
758,0.0
759,0.0
760,1.2303188402578802
761,0.0
762,0.0
763,1.2303188402578802
764,0.0
765,0.0
766,1.2303188402578802
767,1.2303188402578802
768,-0.17162853520200194
769,-0.17162853520200194
770,-0.17162853520200194
771,0.0
772,-0.17162853520200194
773,0.0
774,-0.17162853520200194
775,0.0
776,-0.17162853520200194
777,-0.17162853520200194
778,-0.17162853520200194
779,0.0
780,0.0
781,-0.17162853520200194
782,0.0
783,0.0
784,0.0
785,0.0
786,0.0
787,0.17885830866296862
788,0.17885830866296862
789,0.0
790,0.17885830866296862
791,0.0
792,0.17885830866296862
793,0.0
794,0.0
795,0.0
796,0.0
797,0.0
798,0.0
799,0.17885830866296862
800,0.0
801,0.17885830866296862
802,0.0
803,0.17885830866296862
804,0.0
805,0.17885830866296862
806,0.0
807,0.0
808,0.0
809,0.0
810,0.0
811,0.17885830866296862
812,0.17885830866296862
813,0.0
814,0.0
815,0.0
816,0.17885830866296862
817,0.0
818,0.17885830866296862
819,0.0
820,0.0
821,0.17885830866296862
822,0.17885830866296862
823,0.17885830866296862
824,0.0
825,0.0
826,0.0
827,0.0
828,0.0
829,0.0
830,0.0
831,0.17885830866296862
832,0.0
833,0.17885830866296862
834,0.0
835,0.0
836,0.17885830866296862
837,0.17885830866296862
838,0.17885830866296862
839,0.17885830866296862
840,0.17885830866296862
841,0.17885830866296862
842,0.0
843,0.0
844,0.17885830866296862
845,0.0
846,0.17885830866296862
847,0.17885830866296862
848,0.17885830866296862
849,0.0
850,0.5293451525279391
851,0.5293451525279391
852,0.17885830866296862
853,0.0
854,0.0
855,0.17885830866296862
856,0.5293451525279391
857,0.5293451525279391
858,0.5293451525279391
859,0.5293451525279391
860,0.0
861,0.0
862,0.0
863,0.5293451525279391
864,0.5293451525279391
865,0.0
866,0.5293451525279391
867,0.5293451525279391
868,0.0
869,0.0
870,0.0
871,0.5293451525279391
872,0.5293451525279391
873,0.0
874,0.5293451525279391
875,0.0
876,0.0
877,0.0
878,0.0
879,0.5293451525279391
880,0.5293451525279391
881,0.5293451525279391
882,0.0
883,0.0
884,0.5293451525279391
885,0.0
886,0.0
887,0.5293451525279391
888,0.5293451525279391
889,0.5293451525279391
890,0.0
891,0.5293451525279391
892,0.5293451525279391
893,0.0
894,0.5293451525279391
895,0.0
896,1.2303188402578802
897,0.0
898,1.2303188402578802
899,0.0
900,0.0
901,0.0
902,0.0
903,1.5808056841228508
904,0.0
905,1.2303188402578802
906,0.0
907,0.0
908,1.2303188402578802
909,0.0
910,1.2303188402578802
911,0.0
912,0.0
913,1.5808056841228508
914,0.0
915,1.5808056841228508
916,0.0
917,0.0
918,0.0
919,0.0
920,0.0
921,1.5808056841228508
922,1.5808056841228508
923,1.5808056841228508
924,0.0
925,0.0
926,0.0
927,1.5808056841228508
928,-0.5221153790669725
929,0.0
930,0.0
931,0.0
932,-0.5221153790669725
933,-0.5221153790669725
934,0.0
935,0.0
936,0.0
937,-0.5221153790669725
938,1.2303188402578802
939,0.0
940,0.0
941,-0.5221153790669725
942,0.0
943,-0.5221153790669725
944,0.0
945,0.0
946,-0.5221153790669725
947,-0.5221153790669725
948,0.0
949,0.0
950,0.0
951,-0.5221153790669725
952,0.0
953,0.0
954,0.0
955,-0.5221153790669725
956,0.0
957,0.0
958,0.0
959,0.0
960,-0.17162853520200194
961,0.0
962,-0.17162853520200194
963,0.0
964,0.0
965,0.0
966,-0.17162853520200194
967,0.0
968,0.0
969,0.0
970,0.0
971,0.0
972,0.0
973,0.0
974,0.0
975,0.0
976,0.0
977,0.0
978,0.0
979,-0.17162853520200194
980,-0.17162853520200194
981,0.0
982,0.0
983,0.0
984,-0.17162853520200194
985,0.0
986,-0.17162853520200194
987,0.0
988,-0.17162853520200194
989,-0.17162853520200194
990,0.0
991,-0.17162853520200194
992,-0.17162853520200194
993,-0.17162853520200194
994,0.0
995,0.0
996,-0.17162853520200194
997,0.0
998,0.0
999,0.0
1000,0.0
1001,-0.17162853520200194
1002,-0.17162853520200194
1003,0.0
1004,0.0
1005,0.0
1006,-0.17162853520200194
1007,0.0
1008,-0.17162853520200194
1009,-0.17162853520200194
1010,0.0
1011,-0.17162853520200194
1012,0.0
1013,0.0
1014,0.0
1015,-0.17162853520200194
1016,0.0
1017,-0.17162853520200194
1018,-0.17162853520200194
1019,-0.17162853520200194
1020,-0.17162853520200194
1021,-0.17162853520200194
1022,0.0
1023,-0.17162853520200194
1024,-0.872602222931943
1025,0.0
1026,-0.5221153790669725
1027,0.0
1028,0.0
1029,0.0
1030,0.0
1031,-0.5221153790669725
1032,0.0
1033,0.0
1034,-0.5221153790669725
1035,-0.5221153790669725
1036,-0.5221153790669725
1037,0.0
1038,-0.5221153790669725
1039,-0.5221153790669725
1040,0.0
1041,0.0
1042,-0.872602222931943
1043,0.0
1044,-0.872602222931943
1045,0.0
1046,0.0
1047,-0.872602222931943
1048,-0.872602222931943
1049,-0.872602222931943
1050,0.0
1051,0.0
1052,-0.872602222931943
1053,-0.872602222931943
1054,-0.872602222931943
1055,-0.872602222931943
1056,0.0
1057,0.8798319963929098
1058,0.17885830866296862
1059,0.0
1060,0.0
1061,0.0
1062,0.0
1063,-1.573575910661884
1064,-0.5221153790669725
1065,0.0
1066,0.0
1067,0.0
1068,0.17885830866296862
1069,0.0
1070,0.0
1071,0.0
1072,0.0
1073,0.0
1074,0.0
1075,0.0
1076,-0.5221153790669725
1077,0.0
1078,-0.5221153790669725
1079,-0.5221153790669725
1080,-0.5221153790669725
1081,-0.5221153790669725
1082,0.0
1083,-0.5221153790669725
1084,-0.5221153790669725
1085,0.0
1086,0.0
1087,-0.5221153790669725
1088,0.0
1089,-0.872602222931943
1090,-0.872602222931943
1091,0.0
1092,-0.872602222931943
1093,-0.872602222931943
1094,0.0
1095,0.0
1096,0.0
1097,0.0
1098,0.0
1099,0.0
1100,-0.872602222931943
1101,0.0
1102,-0.872602222931943
1103,-0.872602222931943
1104,-1.2230890667969136
1105,-1.2230890667969136
1106,-1.2230890667969136
1107,0.0
1108,-1.2230890667969136
1109,-1.2230890667969136
1110,-1.2230890667969136
1111,-1.2230890667969136
1112,-1.2230890667969136
1113,0.0
1114,0.0
1115,0.0
1116,0.0
1117,-1.2230890667969136
1118,0.0
1119,-1.2230890667969136
1120,0.0
1121,0.0
1122,-0.872602222931943
1123,0.0
1124,-0.872602222931943
1125,-0.872602222931943
1126,0.0
1127,-0.872602222931943
1128,0.0
1129,-0.872602222931943
1130,0.0
1131,0.0
1132,0.0
1133,0.0
1134,-0.872602222931943
1135,-0.872602222931943
1136,0.0
1137,0.0
1138,0.0
1139,-0.872602222931943
1140,-0.872602222931943
1141,0.0
1142,-0.872602222931943
1143,-0.872602222931943
1144,0.0
1145,0.0
1146,-0.872602222931943
1147,-0.872602222931943
1148,0.0
1149,0.0
1150,-0.872602222931943
1151,-0.872602222931943
1152,-0.5221153790669725
1153,-0.5221153790669725
1154,0.0
1155,-0.5221153790669725
1156,-0.5221153790669725
1157,-0.5221153790669725
1158,-0.5221153790669725
1159,-0.5221153790669725
1160,0.0
1161,0.0
1162,0.0
1163,-0.5221153790669725
1164,-0.5221153790669725
1165,0.0
1166,0.0
1167,0.0
1168,-0.17162853520200194
1169,-0.17162853520200194
1170,-0.17162853520200194
1171,-0.17162853520200194
1172,0.0
1173,-0.17162853520200194
1174,-0.5221153790669725
1175,-0.5221153790669725
1176,0.0
1177,0.0
1178,0.0
1179,-0.17162853520200194
1180,-0.17162853520200194
1181,0.0
1182,-0.17162853520200194
1183,0.0
1184,0.0
1185,0.0
1186,1.2303188402578802
1187,1.2303188402578802
1188,0.8798319963929098
1189,0.8798319963929098
1190,0.0
1191,1.2303188402578802
1192,0.0
1193,-0.872602222931943
1194,0.0
1195,0.0
1196,0.0
1197,0.0
1198,0.0
1199,1.2303188402578802
1200,0.0
1201,0.0
1202,0.0
1203,-0.872602222931943
1204,0.0
1205,0.0
1206,-0.872602222931943
1207,0.0
1208,0.0
1209,-0.872602222931943
1210,-0.5221153790669725
1211,-0.5221153790669725
1212,-0.872602222931943
1213,-0.872602222931943
1214,0.0
1215,-0.872602222931943
1216,0.0
1217,0.5293451525279391
1218,0.0
1219,0.0
1220,0.0
1221,0.5293451525279391
1222,0.5293451525279391
1223,0.0
1224,0.5293451525279391
1225,0.0
1226,0.5293451525279391
1227,0.0
1228,0.0
1229,0.0
1230,0.0
1231,0.5293451525279391
1232,1.2303188402578802
1233,1.2303188402578802
1234,1.2303188402578802
1235,0.0
1236,0.0
1237,1.5808056841228508
1238,0.0
1239,1.2303188402578802
1240,0.5293451525279391
1241,0.8798319963929098
1242,0.0
1243,0.0
1244,0.0
1245,0.0
1246,0.5293451525279391
1247,0.5293451525279391
1248,-0.17162853520200194
1249,0.0
1250,0.0
1251,-0.17162853520200194
1252,-0.17162853520200194
1253,0.0
1254,0.17885830866296862
1255,0.0
1256,0.0
1257,0.0
1258,0.17885830866296862
1259,0.0
1260,0.17885830866296862
1261,0.0
1262,0.0
1263,0.0
1264,0.8798319963929098
1265,0.0
1266,0.0
1267,0.8798319963929098
1268,0.0
1269,0.0
1270,0.0
1271,0.0
1272,0.0
1273,0.5293451525279391
1274,0.5293451525279391
1275,0.0
1276,0.5293451525279391
1277,0.0
1278,0.0
1279,0.0
1280,0.8798319963929098
1281,0.8798319963929098
1282,0.8798319963929098
1283,0.8798319963929098
1284,0.0
1285,0.0
1286,0.8798319963929098
1287,0.0
1288,0.0
1289,0.0
1290,0.0
1291,0.0
1292,0.8798319963929098
1293,0.8798319963929098
1294,0.0
1295,0.0
1296,0.0
1297,-1.573575910661884
1298,0.0
1299,-1.573575910661884
1300,0.0
1301,0.0
1302,0.8798319963929098
1303,-1.573575910661884
1304,0.0
1305,0.0
1306,0.8798319963929098
1307,-1.573575910661884
1308,0.0
1309,-1.573575910661884
1310,0.8798319963929098
1311,-1.573575910661884
1312,0.0
1313,0.8798319963929098
1314,0.0
1315,0.0
1316,0.0
1317,-1.573575910661884
1318,0.0
1319,-1.573575910661884
1320,0.8798319963929098
1321,0.0
1322,-1.573575910661884
1323,0.8798319963929098
1324,0.8798319963929098
1325,0.8798319963929098
1326,0.0
1327,0.0
1328,0.0
1329,0.8798319963929098
1330,0.8798319963929098
1331,0.0
1332,0.8798319963929098
1333,0.0
1334,0.8798319963929098
1335,0.8798319963929098
1336,0.8798319963929098
1337,0.8798319963929098
1338,0.8798319963929098
1339,0.8798319963929098
1340,0.8798319963929098
1341,0.8798319963929098
1342,0.0
1343,0.0
1344,0.8798319963929098
1345,0.0
1346,0.8798319963929098
1347,0.8798319963929098
1348,0.0
1349,0.8798319963929098
1350,0.8798319963929098
1351,0.8798319963929098
1352,0.8798319963929098
1353,0.8798319963929098
1354,0.0
1355,0.0
1356,0.0
1357,0.0
1358,0.5293451525279391
1359,0.0
1360,0.0
1361,0.5293451525279391
1362,0.5293451525279391
1363,0.0
1364,0.5293451525279391
1365,0.0
1366,0.0
1367,0.5293451525279391
1368,0.0
1369,0.0
1370,0.5293451525279391
1371,0.0
1372,0.0
1373,0.5293451525279391
1374,0.5293451525279391
1375,0.0
1376,0.0
1377,0.0
1378,0.5293451525279391
1379,0.5293451525279391
1380,0.5293451525279391
1381,0.0
1382,0.5293451525279391
1383,0.5293451525279391
1384,0.5293451525279391
1385,0.5293451525279391
1386,0.0
1387,0.0
1388,0.5293451525279391
1389,0.5293451525279391
1390,0.0
1391,0.5293451525279391
1392,0.5293451525279391
1393,0.0
1394,0.0
1395,0.0
1396,0.8798319963929098
1397,0.0
1398,0.0
1399,0.5293451525279391
1400,0.5293451525279391
1401,0.0
1402,0.5293451525279391
1403,0.0
1404,0.8798319963929098
1405,0.0
1406,0.0
1407,0.0
1408,0.0
1409,0.8798319963929098
1410,0.0
1411,0.0
1412,0.8798319963929098
1413,0.8798319963929098
1414,0.8798319963929098
1415,0.8798319963929098
1416,0.8798319963929098
1417,0.0
1418,0.8798319963929098
1419,0.0
1420,0.0
1421,0.0
1422,0.0
1423,0.0
1424,0.0
1425,0.0
1426,-1.2230890667969136
1427,0.0
1428,0.0
1429,0.0
1430,-1.573575910661884
1431,0.0
1432,-1.573575910661884
1433,0.0
1434,0.0
1435,-1.2230890667969136
1436,-1.2230890667969136
1437,-1.2230890667969136
1438,0.0
1439,0.0
1440,-1.2230890667969136
1441,-1.2230890667969136
1442,-1.2230890667969136
1443,0.0
1444,0.0
1445,0.0
1446,0.0
1447,0.0
1448,0.0
1449,-1.2230890667969136
1450,-1.2230890667969136
1451,0.0
1452,-1.2230890667969136
1453,-1.2230890667969136
1454,0.0
1455,-1.2230890667969136
1456,-1.2230890667969136
1457,0.0
1458,0.0
1459,-1.2230890667969136
1460,0.0
1461,-1.2230890667969136
1462,-1.2230890667969136
1463,0.0
1464,0.0
1465,0.0
1466,-1.2230890667969136
1467,-1.2230890667969136
1468,0.0
1469,-1.2230890667969136
1470,-1.2230890667969136
1471,-1.2230890667969136
1472,-1.2230890667969136
1473,0.0
1474,-1.2230890667969136
1475,-1.2230890667969136
1476,-1.2230890667969136
1477,-1.2230890667969136
1478,-1.2230890667969136
1479,0.0
1480,-1.2230890667969136
1481,-1.2230890667969136
1482,0.0
1483,0.0
1484,0.0
1485,0.0
1486,0.0
1487,0.0
1488,0.0
1489,0.0
1490,0.0
1491,-1.2230890667969136
1492,0.0
1493,-1.2230890667969136
1494,-1.2230890667969136
1495,0.0
1496,0.0
1497,-1.2230890667969136
1498,-1.2230890667969136
1499,-1.2230890667969136
1500,0.0
1501,-1.2230890667969136
1502,-1.2230890667969136
1503,-1.2230890667969136
1504,-1.2230890667969136
1505,-1.2230890667969136
1506,-1.2230890667969136
1507,-1.2230890667969136
1508,0.0
1509,-1.2230890667969136
1510,0.0
1511,-1.2230890667969136
1512,-1.2230890667969136
1513,-1.2230890667969136
1514,0.0
1515,0.0
1516,-1.2230890667969136
1517,-1.2230890667969136
1518,-1.2230890667969136
1519,-1.2230890667969136
1520,0.0
1521,0.0
1522,0.0
1523,-1.2230890667969136
1524,0.0
1525,-1.2230890667969136
1526,0.0
1527,-1.2230890667969136
1528,-1.2230890667969136
1529,-1.2230890667969136
1530,-1.2230890667969136
1531,-1.2230890667969136
1532,-1.2230890667969136
1533,-1.2230890667969136
1534,-1.2230890667969136
1535,-1.2230890667969136
1536,-1.2230890667969136
1537,-1.2230890667969136
1538,0.0
1539,-1.2230890667969136
1540,-1.2230890667969136
1541,0.0
1542,-1.2230890667969136
1543,0.0
1544,-1.2230890667969136
1545,0.0
1546,0.0
1547,0.0
1548,0.0
1549,0.0
1550,-1.2230890667969136
1551,0.0
1552,0.0
1553,0.0
1554,-1.2230890667969136
1555,-1.2230890667969136
1556,0.0
1557,0.0
1558,-1.2230890667969136
1559,0.0
1560,0.0
1561,0.0
1562,-1.2230890667969136
1563,-1.2230890667969136
1564,-1.2230890667969136
1565,0.0
1566,-1.2230890667969136
1567,0.0
1568,-1.2230890667969136
1569,-1.2230890667969136
1570,-1.2230890667969136
1571,-1.2230890667969136
1572,0.0
1573,-1.2230890667969136
1574,0.0
1575,-1.2230890667969136
1576,0.0
1577,0.0
1578,-1.2230890667969136
1579,-1.2230890667969136
1580,-1.2230890667969136
1581,-1.2230890667969136
1582,0.0
1583,-1.2230890667969136
1584,-1.2230890667969136
1585,-1.2230890667969136
1586,-1.2230890667969136
1587,0.0
1588,-1.2230890667969136
1589,-1.2230890667969136
1590,0.0
1591,-1.2230890667969136
1592,-1.2230890667969136
1593,-1.2230890667969136
1594,-1.2230890667969136
1595,-1.2230890667969136
1596,0.0
1597,0.0
1598,-1.2230890667969136
1599,0.0
1600,-1.2230890667969136
1601,0.0
1602,-1.2230890667969136
1603,0.0
1604,-1.2230890667969136
1605,-1.2230890667969136
1606,0.0
1607,0.0
1608,0.0
1609,0.0
1610,-1.2230890667969136
1611,0.0
1612,0.0
1613,0.0
1614,0.0
1615,-1.2230890667969136
1616,-1.573575910661884
1617,0.0
1618,-1.573575910661884
1619,0.0
1620,0.0
1621,-1.573575910661884
1622,0.0
1623,-1.573575910661884
1624,-1.573575910661884
1625,0.0
1626,-1.573575910661884
1627,-1.573575910661884
1628,0.0
1629,0.0
1630,0.0
1631,-1.573575910661884
1632,-1.573575910661884
1633,-1.573575910661884
1634,0.0
1635,0.0
1636,-1.573575910661884
1637,-1.573575910661884
1638,0.0
1639,-1.573575910661884
1640,-1.573575910661884
1641,-1.573575910661884
1642,-1.573575910661884
1643,-1.573575910661884
1644,-1.573575910661884
1645,-1.573575910661884
1646,0.0
1647,-1.573575910661884
1648,0.0
1649,0.0
1650,-1.2230890667969136
1651,0.0
1652,-1.573575910661884
1653,-1.573575910661884
1654,0.0
1655,-1.573575910661884
1656,-1.2230890667969136
1657,-1.2230890667969136
1658,-1.2230890667969136
1659,-1.2230890667969136
1660,0.0
1661,-1.2230890667969136
1662,-1.2230890667969136
1663,0.0
1664,0.0
1665,0.0
1666,-1.573575910661884
1667,-1.573575910661884
1668,-1.573575910661884
1669,0.0
1670,-1.573575910661884
1671,0.0
1672,-1.573575910661884
1673,-1.573575910661884
1674,-1.573575910661884
1675,-1.573575910661884
1676,0.0
1677,0.0
1678,-1.573575910661884
1679,0.0
1680,-1.573575910661884
1681,-1.573575910661884
1682,-1.573575910661884
1683,0.0
1684,-1.573575910661884
1685,-1.573575910661884
1686,-1.573575910661884
1687,0.0
1688,0.0
1689,0.0
1690,-1.573575910661884
1691,-1.573575910661884
1692,-1.573575910661884
1693,-1.573575910661884
1694,0.0
1695,-1.573575910661884
1696,0.0
1697,-1.573575910661884
1698,-1.573575910661884
1699,-1.573575910661884
1700,0.0
1701,-1.573575910661884
1702,-1.573575910661884
1703,0.0
1704,0.0
1705,-1.573575910661884
1706,-1.573575910661884
1707,-1.573575910661884
1708,-1.573575910661884
1709,0.0
1710,0.0
1711,-1.573575910661884
1712,0.0
1713,0.0
1714,0.0
1715,-1.573575910661884
1716,0.0
1717,0.0
1718,-1.573575910661884
1719,-1.573575910661884
1720,0.0
1721,0.0
1722,0.0
1723,0.0
1724,-1.573575910661884
1725,0.0
1726,-1.573575910661884
1727,0.0
1728,0.0
1729,0.0
1730,-1.573575910661884
1731,-1.573575910661884
1732,0.0
1733,0.0
1734,-1.573575910661884
1735,-1.573575910661884
1736,0.0
1737,-1.573575910661884
1738,0.0
1739,-1.573575910661884
1740,0.0
1741,-1.573575910661884
1742,0.0
1743,-1.573575910661884
1744,0.0
1745,0.0
1746,-0.5221153790669725
1747,0.0
1748,0.0
1749,0.0
1750,-0.5221153790669725
1751,0.0
1752,-0.5221153790669725
1753,-0.5221153790669725
1754,-0.5221153790669725
1755,-0.5221153790669725
1756,0.0
1757,-0.5221153790669725
1758,-0.5221153790669725
1759,0.0
1760,-0.17162853520200194
1761,-0.17162853520200194
1762,0.0
1763,-0.5221153790669725
1764,-0.17162853520200194
1765,-0.17162853520200194
1766,-0.17162853520200194
1767,0.0
1768,-0.17162853520200194
1769,0.0
1770,0.0
1771,0.0
1772,-0.5221153790669725
1773,-0.17162853520200194
1774,0.0
1775,0.0
1776,0.0
1777,0.0
1778,-0.17162853520200194
1779,0.0
1780,0.0
1781,0.0
1782,-0.17162853520200194
1783,0.0
1784,0.0
1785,0.0
1786,-0.17162853520200194
1787,-0.17162853520200194
1788,-0.17162853520200194
1789,0.0
1790,-0.17162853520200194
1791,-0.17162853520200194
1792,0.0
1793,-0.17162853520200194
1794,0.0
1795,-0.17162853520200194
1796,0.0
1797,-0.17162853520200194
1798,-0.17162853520200194
1799,0.0
1800,0.0
1801,-0.17162853520200194
1802,-0.17162853520200194
1803,-0.17162853520200194
1804,0.0
1805,0.0
1806,0.0
1807,-0.17162853520200194
1808,0.0
1809,-0.5221153790669725
1810,0.0
1811,0.0
1812,-0.5221153790669725
1813,-0.5221153790669725
1814,0.0
1815,-0.5221153790669725
1816,-0.5221153790669725
1817,-0.5221153790669725
1818,-0.5221153790669725
1819,0.0
1820,0.0
1821,0.0
1822,0.0
1823,-0.5221153790669725
1824,0.0
1825,0.0
1826,-0.5221153790669725
1827,-0.5221153790669725
1828,0.0
1829,0.0
1830,0.0
1831,0.0
1832,0.0
1833,-0.5221153790669725
1834,-0.5221153790669725
1835,0.0
1836,0.0
1837,-0.5221153790669725
1838,-0.5221153790669725
1839,0.0
1840,-0.5221153790669725
1841,0.0
1842,0.0
1843,-0.5221153790669725
1844,0.0
1845,-0.5221153790669725
1846,-0.5221153790669725
1847,-0.5221153790669725
1848,0.0
1849,-0.5221153790669725
1850,-0.5221153790669725
1851,0.0
1852,0.0
1853,0.0
1854,-0.5221153790669725
1855,-0.5221153790669725
1856,-0.5221153790669725
1857,0.0
1858,0.0
1859,0.0
1860,0.0
1861,0.0
1862,0.0
1863,0.0
1864,0.0
1865,-0.5221153790669725
1866,0.0
1867,-0.5221153790669725
1868,0.0
1869,-0.5221153790669725
1870,0.0
1871,0.0
1872,0.0
1873,-0.872602222931943
1874,-0.872602222931943
1875,0.0
1876,0.0
1877,-0.872602222931943
1878,-0.872602222931943
1879,-0.872602222931943
1880,-0.872602222931943
1881,-0.872602222931943
1882,-0.5221153790669725
1883,-0.5221153790669725
1884,-0.872602222931943
1885,-0.872602222931943
1886,0.0
1887,-0.872602222931943
1888,0.0
1889,-0.872602222931943
1890,0.0
1891,-0.872602222931943
1892,0.0
1893,0.0
1894,0.0
1895,-0.872602222931943
1896,-0.872602222931943
1897,0.0
1898,-0.872602222931943
1899,-0.872602222931943
1900,-0.872602222931943
1901,-0.872602222931943
1902,0.0
1903,0.0
1904,0.0
1905,0.0
1906,0.0
1907,0.0
1908,0.0
1909,-0.5221153790669725
1910,0.0
1911,0.0
1912,-0.5221153790669725
1913,-0.5221153790669725
1914,0.0
1915,0.0
1916,0.0
1917,-0.5221153790669725
1918,0.0
1919,0.0
1920,-0.5221153790669725
1921,-0.5221153790669725
1922,-0.5221153790669725
1923,-0.5221153790669725
1924,-0.5221153790669725
1925,-0.5221153790669725
1926,-0.5221153790669725
1927,-0.5221153790669725
1928,-0.5221153790669725
1929,0.0
1930,-0.5221153790669725
1931,-0.5221153790669725
1932,-0.5221153790669725
1933,0.0
1934,0.0
1935,0.0
1936,0.0
1937,-1.2230890667969136
1938,0.0
1939,-1.2230890667969136
1940,-0.872602222931943
1941,0.0
1942,0.0
1943,0.0
1944,0.0
1945,-0.872602222931943
1946,-0.872602222931943
1947,-0.872602222931943
1948,0.0
1949,-0.872602222931943
1950,-0.872602222931943
1951,0.0
1952,0.0
1953,-0.872602222931943
1954,0.0
1955,0.0
1956,0.0
1957,-0.872602222931943
1958,-0.872602222931943
1959,-0.872602222931943
1960,0.0
1961,0.0
1962,-0.872602222931943
1963,0.0
1964,-0.872602222931943
1965,-0.872602222931943
1966,-0.872602222931943
1967,-0.872602222931943
1968,0.0
1969,0.0
1970,0.0
1971,0.0
1972,-0.872602222931943
1973,-0.872602222931943
1974,-0.872602222931943
1975,0.0
1976,-0.872602222931943
1977,-0.872602222931943
1978,0.0
1979,0.0
1980,0.0
1981,-0.872602222931943
1982,0.0
1983,0.0
1984,0.0
1985,0.0
1986,0.0
1987,-0.872602222931943
1988,-0.872602222931943
1989,0.0
1990,-0.872602222931943
1991,-0.872602222931943
1992,-0.872602222931943
1993,0.0
1994,0.0
1995,-0.872602222931943
1996,0.0
1997,0.0
1998,-0.872602222931943
1999,0.0
2000,1.5808056841228508
2001,0.0
2002,1.5808056841228508
2003,0.0
2004,1.5808056841228508
2005,1.5808056841228508
2006,1.5808056841228508
2007,1.5808056841228508
2008,0.0
2009,1.5808056841228508
2010,1.5808056841228508
2011,0.0
2012,0.0
2013,0.0
2014,0.0
2015,0.0
2016,1.5808056841228508
2017,0.0
2018,1.5808056841228508
2019,1.5808056841228508
2020,0.0
2021,1.5808056841228508
2022,0.0
2023,0.0
2024,1.5808056841228508
2025,1.5808056841228508
2026,0.0
2027,0.0
2028,0.0
2029,0.0
2030,1.5808056841228508
2031,0.0
2032,0.0
2033,0.0
2034,0.0
2035,1.5808056841228508
2036,1.5808056841228508
2037,0.0
2038,0.0
2039,1.5808056841228508
2040,1.5808056841228508
2041,1.5808056841228508
2042,1.5808056841228508
2043,0.0
2044,1.5808056841228508
2045,0.0
2046,0.0
2047,0.0
2048,1.5808056841228508
2049,0.0
2050,1.5808056841228508
2051,0.0
2052,0.0
2053,0.0
2054,1.5808056841228508
2055,0.0
2056,0.0
2057,1.5808056841228508
2058,0.0
2059,1.5808056841228508
2060,0.0
2061,0.0
2062,0.0
2063,1.5808056841228508
2064,0.0
2065,0.0
2066,0.0
2067,1.5808056841228508
2068,0.0
2069,1.5808056841228508
2070,0.0
2071,1.5808056841228508
2072,1.5808056841228508
2073,1.5808056841228508
2074,0.0
2075,1.5808056841228508
2076,1.5808056841228508
2077,1.5808056841228508
2078,1.5808056841228508
2079,0.0
2080,0.0
2081,0.0
2082,1.5808056841228508
2083,0.0
2084,0.0
2085,1.5808056841228508
2086,1.5808056841228508
2087,1.5808056841228508
2088,1.5808056841228508
2089,0.0
2090,1.5808056841228508
2091,1.5808056841228508
2092,0.0
2093,0.0
2094,0.0
2095,1.5808056841228508
2096,0.0
2097,0.8798319963929098
2098,0.8798319963929098
2099,0.0
2100,0.0
2101,0.8798319963929098
2102,0.0
2103,0.0
2104,0.0
2105,0.8798319963929098
2106,0.8798319963929098
2107,0.0
2108,0.8798319963929098
2109,0.8798319963929098
2110,0.0
2111,0.8798319963929098
2112,0.0
2113,0.0
2114,0.0
2115,0.8798319963929098
2116,1.5808056841228508
2117,0.0
2118,0.0
2119,1.5808056841228508
2120,1.5808056841228508
2121,0.0
2122,0.0
2123,0.0
2124,1.5808056841228508
2125,1.5808056841228508
2126,1.5808056841228508
2127,0.0
2128,0.0
2129,0.0
2130,1.5808056841228508
2131,0.0
2132,0.0
2133,1.5808056841228508
2134,0.0
2135,-0.17162853520200194
2136,0.5293451525279391
2137,1.5808056841228508
2138,0.0
2139,0.5293451525279391
2140,0.5293451525279391
2141,0.17885830866296862
2142,0.0
2143,0.0
2144,-0.17162853520200194
2145,0.0
2146,0.0
2147,0.0
2148,0.8798319963929098
2149,0.0
2150,0.8798319963929098
2151,1.5808056841228508
2152,0.0
2153,0.0
2154,0.0
2155,-0.872602222931943
2156,-0.5221153790669725
2157,-0.872602222931943
2158,-0.872602222931943
2159,-0.872602222931943
2160,-0.872602222931943
2161,-1.2230890667969136
2162,0.0
2163,0.8798319963929098
2164,0.8798319963929098
2165,0.0
2166,0.8798319963929098
2167,0.0
2168,0.8798319963929098
2169,0.8798319963929098
2170,0.5293451525279391
2171,1.5808056841228508
2172,0.0
2173,1.5808056841228508
2174,0.0
2175,0.0
2176,0.0
2177,0.0
2178,0.0
2179,0.0
2180,1.5808056841228508
2181,-1.573575910661884
2182,1.5808056841228508
2183,0.0
2184,0.0
2185,0.8798319963929098
2186,1.5808056841228508
2187,0.8798319963929098
2188,1.5808056841228508
2189,0.8798319963929098
2190,0.0
2191,0.0
2192,0.0
2193,0.8798319963929098
2194,0.0
2195,0.0
2196,0.0
2197,0.0
2198,1.5808056841228508
2199,-1.573575910661884
2200,1.5808056841228508
2201,-1.573575910661884
2202,1.5808056841228508
2203,0.0
2204,0.0
2205,0.0
2206,1.5808056841228508
2207,-1.573575910661884
2208,0.0
2209,0.0
2210,0.0
2211,0.0
2212,1.5808056841228508
2213,0.0
2214,0.0
2215,-1.573575910661884
2216,0.0
2217,0.0
2218,1.5808056841228508
2219,-1.573575910661884
2220,0.0
2221,0.0
2222,0.0
2223,-1.573575910661884
2224,1.5808056841228508
2225,-1.573575910661884
2226,0.0
2227,0.0
2228,0.0
2229,-1.573575910661884
2230,0.0
2231,0.0
2232,0.0
2233,-1.573575910661884
2234,0.0
2235,0.0
2236,1.5808056841228508
2237,-1.573575910661884
2238,1.5808056841228508
2239,0.0
2240,1.5808056841228508
2241,0.0
2242,0.0
2243,0.0
2244,1.5808056841228508
2245,0.0
2246,0.0
2247,0.0
2248,1.5808056841228508
2249,-1.573575910661884
2250,0.0
2251,-1.573575910661884
2252,0.0
2253,-1.573575910661884
2254,0.0
2255,0.0
2256,1.5808056841228508
2257,0.0
2258,1.5808056841228508
2259,0.0
2260,0.0
2261,-1.573575910661884
2262,1.5808056841228508
2263,0.0
2264,1.5808056841228508
2265,-1.573575910661884
2266,0.0
2267,-1.573575910661884
2268,1.5808056841228508
2269,0.0
2270,1.5808056841228508
2271,0.0
2272,1.5808056841228508
2273,-1.573575910661884
2274,1.5808056841228508
2275,0.0
2276,0.0
2277,0.0
2278,1.5808056841228508
2279,0.0
2280,1.5808056841228508
2281,0.0
2282,1.5808056841228508
2283,0.0
2284,0.0
2285,-1.573575910661884
2286,0.0
2287,0.0
2288,1.5808056841228508
2289,0.0
2290,1.5808056841228508
2291,-1.573575910661884
2292,0.0
2293,0.0
